Copyright 1986-2020 Xilinx, Inc. All Rights Reserved.
-----------------------------------------------------------------------------------------------------------------------------------------------------------------------------------------------------------------------
| Tool Version : Vivado v.2020.2 (win64) Build 3064766 Wed Nov 18 09:12:45 MST 2020
| Date         : Sun Mar 15 22:41:16 2026
| Host         : DZULDINIY-SWIFT running 64-bit major release  (build 9200)
| Command      : report_timing_summary -max_paths 10 -file ghost_bd_wrapper_timing_summary_routed.rpt -pb ghost_bd_wrapper_timing_summary_routed.pb -rpx ghost_bd_wrapper_timing_summary_routed.rpx -warn_on_violation
| Design       : ghost_bd_wrapper
| Device       : 7z020-clg400
| Speed File   : -1  PRODUCTION 1.12 2019-11-22
-----------------------------------------------------------------------------------------------------------------------------------------------------------------------------------------------------------------------

Timing Summary Report

------------------------------------------------------------------------------------------------
| Timer Settings
| --------------
------------------------------------------------------------------------------------------------

  Enable Multi Corner Analysis               :  Yes
  Enable Pessimism Removal                   :  Yes
  Pessimism Removal Resolution               :  Nearest Common Node
  Enable Input Delay Default Clock           :  No
  Enable Preset / Clear Arcs                 :  No
  Disable Flight Delays                      :  No
  Ignore I/O Paths                           :  No
  Timing Early Launch at Borrowing Latches   :  No
  Borrow Time for Max Delay Exceptions       :  Yes
  Merge Timing Exceptions                    :  Yes

  Corner  Analyze    Analyze    
  Name    Max Paths  Min Paths  
  ------  ---------  ---------  
  Slow    Yes        Yes        
  Fast    Yes        Yes        



check_timing report

Table of Contents
-----------------
1. checking no_clock (0)
2. checking constant_clock (0)
3. checking pulse_width_clock (0)
4. checking unconstrained_internal_endpoints (0)
5. checking no_input_delay (0)
6. checking no_output_delay (0)
7. checking multiple_clock (0)
8. checking generated_clocks (0)
9. checking loops (0)
10. checking partial_input_delay (0)
11. checking partial_output_delay (0)
12. checking latch_loops (0)

1. checking no_clock (0)
------------------------
 There are 0 register/latch pins with no clock.


2. checking constant_clock (0)
------------------------------
 There are 0 register/latch pins with constant_clock.


3. checking pulse_width_clock (0)
---------------------------------
 There are 0 register/latch pins which need pulse_width check


4. checking unconstrained_internal_endpoints (0)
------------------------------------------------
 There are 0 pins that are not constrained for maximum delay.

 There are 0 pins that are not constrained for maximum delay due to constant clock.


5. checking no_input_delay (0)
------------------------------
 There are 0 input ports with no input delay specified.

 There are 0 input ports with no input delay but user has a false path constraint.


6. checking no_output_delay (0)
-------------------------------
 There are 0 ports with no output delay specified.

 There are 0 ports with no output delay but user has a false path constraint

 There are 0 ports with no output delay but with a timing clock defined on it or propagating through it


7. checking multiple_clock (0)
------------------------------
 There are 0 register/latch pins with multiple clocks.


8. checking generated_clocks (0)
--------------------------------
 There are 0 generated clocks that are not connected to a clock source.


9. checking loops (0)
---------------------
 There are 0 combinational loops in the design.


10. checking partial_input_delay (0)
------------------------------------
 There are 0 input ports with partial input delay specified.


11. checking partial_output_delay (0)
-------------------------------------
 There are 0 ports with partial output delay specified.


12. checking latch_loops (0)
----------------------------
 There are 0 combinational latch loops in the design through latch input



------------------------------------------------------------------------------------------------
| Design Timing Summary
| ---------------------
------------------------------------------------------------------------------------------------

    WNS(ns)      TNS(ns)  TNS Failing Endpoints  TNS Total Endpoints      WHS(ns)      THS(ns)  THS Failing Endpoints  THS Total Endpoints     WPWS(ns)     TPWS(ns)  TPWS Failing Endpoints  TPWS Total Endpoints  
    -------      -------  ---------------------  -------------------      -------      -------  ---------------------  -------------------     --------     --------  ----------------------  --------------------  
     10.796        0.000                      0                 2326        0.087        0.000                      0                 2326        9.020        0.000                       0                  1181  


All user specified timing constraints are met.


------------------------------------------------------------------------------------------------
| Clock Summary
| -------------
------------------------------------------------------------------------------------------------

Clock       Waveform(ns)       Period(ns)      Frequency(MHz)
-----       ------------       ----------      --------------
clk_fpga_0  {0.000 10.000}     20.000          50.000          


------------------------------------------------------------------------------------------------
| Intra Clock Table
| -----------------
------------------------------------------------------------------------------------------------

Clock             WNS(ns)      TNS(ns)  TNS Failing Endpoints  TNS Total Endpoints      WHS(ns)      THS(ns)  THS Failing Endpoints  THS Total Endpoints     WPWS(ns)     TPWS(ns)  TPWS Failing Endpoints  TPWS Total Endpoints  
-----             -------      -------  ---------------------  -------------------      -------      -------  ---------------------  -------------------     --------     --------  ----------------------  --------------------  
clk_fpga_0         10.796        0.000                      0                 2222        0.087        0.000                      0                 2222        9.020        0.000                       0                  1181  


------------------------------------------------------------------------------------------------
| Inter Clock Table
| -----------------
------------------------------------------------------------------------------------------------

From Clock    To Clock          WNS(ns)      TNS(ns)  TNS Failing Endpoints  TNS Total Endpoints      WHS(ns)      THS(ns)  THS Failing Endpoints  THS Total Endpoints  
----------    --------          -------      -------  ---------------------  -------------------      -------      -------  ---------------------  -------------------  


------------------------------------------------------------------------------------------------
| Other Path Groups Table
| -----------------------
------------------------------------------------------------------------------------------------

Path Group         From Clock         To Clock               WNS(ns)      TNS(ns)  TNS Failing Endpoints  TNS Total Endpoints      WHS(ns)      THS(ns)  THS Failing Endpoints  THS Total Endpoints  
----------         ----------         --------               -------      -------  ---------------------  -------------------      -------      -------  ---------------------  -------------------  
**async_default**  clk_fpga_0         clk_fpga_0              13.269        0.000                      0                  104        0.819        0.000                      0                  104  


------------------------------------------------------------------------------------------------
| Timing Details
| --------------
------------------------------------------------------------------------------------------------


---------------------------------------------------------------------------------------------------
From Clock:  clk_fpga_0
  To Clock:  clk_fpga_0

Setup :            0  Failing Endpoints,  Worst Slack       10.796ns,  Total Violation        0.000ns
Hold  :            0  Failing Endpoints,  Worst Slack        0.087ns,  Total Violation        0.000ns
PW    :            0  Failing Endpoints,  Worst Slack        9.020ns,  Total Violation        0.000ns
---------------------------------------------------------------------------------------------------


Max Delay Paths
--------------------------------------------------------------------------------------
Slack (MET) :             10.796ns  (required time - arrival time)
  Source:                 ghost_bd_i/gpio_ghost3/U0/gpio_core_1/Not_Dual.gpio_Data_Out_reg[5]/C
                            (rising edge-triggered cell FDRE clocked by clk_fpga_0  {rise@0.000ns fall@10.000ns period=20.000ns})
  Destination:            ghost_bd_i/ghost_multi_0/inst/ghost3/s1_los_detected_reg/D
                            (rising edge-triggered cell FDCE clocked by clk_fpga_0  {rise@0.000ns fall@10.000ns period=20.000ns})
  Path Group:             clk_fpga_0
  Path Type:              Setup (Max at Slow Process Corner)
  Requirement:            20.000ns  (clk_fpga_0 rise@20.000ns - clk_fpga_0 rise@0.000ns)
  Data Path Delay:        8.902ns  (logic 2.123ns (23.848%)  route 6.779ns (76.152%))
  Logic Levels:           7  (CARRY4=1 LUT2=1 LUT4=1 LUT5=1 LUT6=3)
  Clock Path Skew:        -0.029ns (DCD - SCD + CPR)
    Destination Clock Delay (DCD):    2.647ns = ( 22.647 - 20.000 ) 
    Source Clock Delay      (SCD):    2.939ns
    Clock Pessimism Removal (CPR):    0.263ns
  Clock Uncertainty:      0.302ns  ((TSJ^2 + TIJ^2)^1/2 + DJ) / 2 + PE
    Total System Jitter     (TSJ):    0.071ns
    Total Input Jitter      (TIJ):    0.600ns
    Discrete Jitter          (DJ):    0.000ns
    Phase Error              (PE):    0.000ns

    Location             Delay type                Incr(ns)  Path(ns)    Netlist Resource(s)
  -------------------------------------------------------------------    -------------------
                         (clock clk_fpga_0 rise edge)
                                                      0.000     0.000 r  
    PS7_X0Y0             PS7                          0.000     0.000 r  ghost_bd_i/processing_system7_0/inst/PS7_i/FCLKCLK[0]
                         net (fo=1, routed)           1.193     1.193    ghost_bd_i/processing_system7_0/inst/FCLK_CLK_unbuffered[0]
    BUFGCTRL_X0Y16       BUFG (Prop_bufg_I_O)         0.101     1.294 r  ghost_bd_i/processing_system7_0/inst/buffer_fclk_clk_0.FCLK_CLK_0_BUFG/O
                         net (fo=1181, routed)        1.645     2.939    ghost_bd_i/gpio_ghost3/U0/gpio_core_1/s_axi_aclk
    SLICE_X36Y84         FDRE                                         r  ghost_bd_i/gpio_ghost3/U0/gpio_core_1/Not_Dual.gpio_Data_Out_reg[5]/C
  -------------------------------------------------------------------    -------------------
    SLICE_X36Y84         FDRE (Prop_fdre_C_Q)         0.518     3.457 r  ghost_bd_i/gpio_ghost3/U0/gpio_core_1/Not_Dual.gpio_Data_Out_reg[5]/Q
                         net (fo=21, routed)          1.886     5.343    ghost_bd_i/ghost_multi_0/ghost3_row[2]
    SLICE_X38Y71         LUT2 (Prop_lut2_I0_O)        0.124     5.467 r  ghost_bd_i/ghost_multi_0/s1_los_dir[1]_i_103__1/O
                         net (fo=1, routed)           0.000     5.467    ghost_bd_i/ghost_multi_0/s1_los_dir[1]_i_103__1_n_0
    SLICE_X38Y71         CARRY4 (Prop_carry4_S[0]_O[1])
                                                      0.427     5.894 f  ghost_bd_i/ghost_multi_0/s1_los_dir_reg[1]_i_90__0/O[1]
                         net (fo=40, routed)          1.491     7.384    ghost_bd_i/ghost_multi_0/inst/ghost3/s1_los_dir[1]_i_33__1_0[1]
    SLICE_X38Y75         LUT4 (Prop_lut4_I1_O)        0.334     7.718 r  ghost_bd_i/ghost_multi_0/inst/ghost3/s1_los_dir[1]_i_77__1/O
                         net (fo=1, routed)           0.848     8.566    ghost_bd_i/ghost_multi_0/inst/ghost3/s1_los_dir[1]_i_77__1_n_0
    SLICE_X38Y75         LUT6 (Prop_lut6_I3_O)        0.348     8.914 f  ghost_bd_i/ghost_multi_0/inst/ghost3/s1_los_dir[1]_i_20__0/O
                         net (fo=2, routed)           0.724     9.639    ghost_bd_i/ghost_multi_0/inst/ghost3/s1_los_dir[1]_i_20__0_n_0
    SLICE_X35Y74         LUT6 (Prop_lut6_I2_O)        0.124     9.763 f  ghost_bd_i/ghost_multi_0/inst/ghost3/s1_los_dir[1]_i_4__1/O
                         net (fo=2, routed)           0.960    10.723    ghost_bd_i/ghost_multi_0/inst/ghost3/s1_los_dir[1]_i_4__1_n_0
    SLICE_X36Y74         LUT6 (Prop_lut6_I2_O)        0.124    10.847 r  ghost_bd_i/ghost_multi_0/inst/ghost3/s1_los_dir[1]_i_1__1/O
                         net (fo=2, routed)           0.871    11.717    ghost_bd_i/ghost_multi_0/inst/ghost3/los_dir_comb[1]
    SLICE_X39Y80         LUT5 (Prop_lut5_I0_O)        0.124    11.841 r  ghost_bd_i/ghost_multi_0/inst/ghost3/s1_los_detected_i_1__1/O
                         net (fo=1, routed)           0.000    11.841    ghost_bd_i/ghost_multi_0/inst/ghost3/los_detected_comb
    SLICE_X39Y80         FDCE                                         r  ghost_bd_i/ghost_multi_0/inst/ghost3/s1_los_detected_reg/D
  -------------------------------------------------------------------    -------------------

                         (clock clk_fpga_0 rise edge)
                                                     20.000    20.000 r  
    PS7_X0Y0             PS7                          0.000    20.000 r  ghost_bd_i/processing_system7_0/inst/PS7_i/FCLKCLK[0]
                         net (fo=1, routed)           1.088    21.088    ghost_bd_i/processing_system7_0/inst/FCLK_CLK_unbuffered[0]
    BUFGCTRL_X0Y16       BUFG (Prop_bufg_I_O)         0.091    21.179 r  ghost_bd_i/processing_system7_0/inst/buffer_fclk_clk_0.FCLK_CLK_0_BUFG/O
                         net (fo=1181, routed)        1.468    22.647    ghost_bd_i/ghost_multi_0/inst/ghost3/S_AXI_ACLK
    SLICE_X39Y80         FDCE                                         r  ghost_bd_i/ghost_multi_0/inst/ghost3/s1_los_detected_reg/C
                         clock pessimism              0.263    22.910    
                         clock uncertainty           -0.302    22.608    
    SLICE_X39Y80         FDCE (Setup_fdce_C_D)        0.029    22.637    ghost_bd_i/ghost_multi_0/inst/ghost3/s1_los_detected_reg
  -------------------------------------------------------------------
                         required time                         22.637    
                         arrival time                         -11.841    
  -------------------------------------------------------------------
                         slack                                 10.796    

Slack (MET) :             10.939ns  (required time - arrival time)
  Source:                 ghost_bd_i/processing_system7_0/inst/PS7_i/MAXIGP0ACLK
                            (rising edge-triggered cell PS7 clocked by clk_fpga_0  {rise@0.000ns fall@10.000ns period=20.000ns})
  Destination:            ghost_bd_i/smartconnect_0/inst/s00_entry_pipeline/s00_si_converter/inst/gen_axilite_conv.axilite_conv_inst/ar_addr_d_reg[2]/CE
                            (rising edge-triggered cell FDRE clocked by clk_fpga_0  {rise@0.000ns fall@10.000ns period=20.000ns})
  Path Group:             clk_fpga_0
  Path Type:              Setup (Max at Slow Process Corner)
  Requirement:            20.000ns  (clk_fpga_0 rise@20.000ns - clk_fpga_0 rise@0.000ns)
  Data Path Delay:        8.250ns  (logic 2.445ns (29.635%)  route 5.805ns (70.365%))
  Logic Levels:           6  (LUT2=1 LUT4=2 LUT5=1 LUT6=2)
  Clock Path Skew:        -0.101ns (DCD - SCD + CPR)
    Destination Clock Delay (DCD):    2.701ns = ( 22.701 - 20.000 ) 
    Source Clock Delay      (SCD):    3.031ns
    Clock Pessimism Removal (CPR):    0.229ns
  Clock Uncertainty:      0.302ns  ((TSJ^2 + TIJ^2)^1/2 + DJ) / 2 + PE
    Total System Jitter     (TSJ):    0.071ns
    Total Input Jitter      (TIJ):    0.600ns
    Discrete Jitter          (DJ):    0.000ns
    Phase Error              (PE):    0.000ns

    Location             Delay type                Incr(ns)  Path(ns)    Netlist Resource(s)
  -------------------------------------------------------------------    -------------------
                         (clock clk_fpga_0 rise edge)
                                                      0.000     0.000 r  
    PS7_X0Y0             PS7                          0.000     0.000 r  ghost_bd_i/processing_system7_0/inst/PS7_i/FCLKCLK[0]
                         net (fo=1, routed)           1.193     1.193    ghost_bd_i/processing_system7_0/inst/FCLK_CLK_unbuffered[0]
    BUFGCTRL_X0Y16       BUFG (Prop_bufg_I_O)         0.101     1.294 r  ghost_bd_i/processing_system7_0/inst/buffer_fclk_clk_0.FCLK_CLK_0_BUFG/O
                         net (fo=1181, routed)        1.737     3.031    ghost_bd_i/processing_system7_0/inst/M_AXI_GP0_ACLK
    PS7_X0Y0             PS7                                          r  ghost_bd_i/processing_system7_0/inst/PS7_i/MAXIGP0ACLK
  -------------------------------------------------------------------    -------------------
    PS7_X0Y0             PS7 (Prop_ps7_MAXIGP0ACLK_MAXIGP0ARADDR[22])
                                                      1.438     4.469 r  ghost_bd_i/processing_system7_0/inst/PS7_i/MAXIGP0ARADDR[22]
                         net (fo=5, routed)           1.211     5.680    ghost_bd_i/smartconnect_0/inst/s00_entry_pipeline/s00_mmu/inst/ar_reg_stall/s_axi_araddr[6]
    SLICE_X27Y94         LUT5 (Prop_lut5_I4_O)        0.124     5.804 f  ghost_bd_i/smartconnect_0/inst/s00_entry_pipeline/s00_mmu/inst/ar_reg_stall/m_axi_aruser[5]_INST_0_i_5/O
                         net (fo=2, routed)           0.529     6.332    ghost_bd_i/smartconnect_0/inst/s00_entry_pipeline/s00_mmu/inst/ar_reg_stall/S00_AXI_araddr[23]
    SLICE_X26Y94         LUT6 (Prop_lut6_I5_O)        0.124     6.456 r  ghost_bd_i/smartconnect_0/inst/s00_entry_pipeline/s00_mmu/inst/ar_reg_stall/m_axi_aruser[5]_INST_0_i_2/O
                         net (fo=11, routed)          1.218     7.675    ghost_bd_i/smartconnect_0/inst/s00_entry_pipeline/s00_mmu/inst/sr_axi_aruser[1]
    SLICE_X28Y94         LUT4 (Prop_lut4_I2_O)        0.154     7.829 f  ghost_bd_i/smartconnect_0/inst/s00_entry_pipeline/s00_mmu/inst/m_axi_arvalid_INST_0_i_1/O
                         net (fo=3, routed)           0.423     8.252    ghost_bd_i/smartconnect_0/inst/s00_entry_pipeline/s00_mmu/inst/ar_reg_stall/gen_endpoint.r_trigger_decerr
    SLICE_X29Y94         LUT6 (Prop_lut6_I3_O)        0.327     8.579 r  ghost_bd_i/smartconnect_0/inst/s00_entry_pipeline/s00_mmu/inst/ar_reg_stall/m_axi_arvalid_INST_0/O
                         net (fo=3, routed)           0.638     9.217    ghost_bd_i/smartconnect_0/inst/s00_entry_pipeline/s00_transaction_regulator/inst/gen_endpoint.gen_r_singleorder.r_singleorder/s_axi_arvalid
    SLICE_X31Y95         LUT2 (Prop_lut2_I0_O)        0.124     9.341 r  ghost_bd_i/smartconnect_0/inst/s00_entry_pipeline/s00_transaction_regulator/inst/gen_endpoint.gen_r_singleorder.r_singleorder/m_axi_arvalid_INST_0/O
                         net (fo=11, routed)          1.286    10.626    ghost_bd_i/smartconnect_0/inst/s00_entry_pipeline/s00_si_converter/inst/gen_axilite_conv.axilite_conv_inst/s_axi_arvalid
    SLICE_X28Y90         LUT4 (Prop_lut4_I1_O)        0.154    10.780 r  ghost_bd_i/smartconnect_0/inst/s00_entry_pipeline/s00_si_converter/inst/gen_axilite_conv.axilite_conv_inst/ar_addr_d[8]_i_1/O
                         net (fo=7, routed)           0.501    11.281    ghost_bd_i/smartconnect_0/inst/s00_entry_pipeline/s00_si_converter/inst/gen_axilite_conv.axilite_conv_inst/ar_addr_d[8]_i_1_n_0
    SLICE_X28Y88         FDRE                                         r  ghost_bd_i/smartconnect_0/inst/s00_entry_pipeline/s00_si_converter/inst/gen_axilite_conv.axilite_conv_inst/ar_addr_d_reg[2]/CE
  -------------------------------------------------------------------    -------------------

                         (clock clk_fpga_0 rise edge)
                                                     20.000    20.000 r  
    PS7_X0Y0             PS7                          0.000    20.000 r  ghost_bd_i/processing_system7_0/inst/PS7_i/FCLKCLK[0]
                         net (fo=1, routed)           1.088    21.088    ghost_bd_i/processing_system7_0/inst/FCLK_CLK_unbuffered[0]
    BUFGCTRL_X0Y16       BUFG (Prop_bufg_I_O)         0.091    21.179 r  ghost_bd_i/processing_system7_0/inst/buffer_fclk_clk_0.FCLK_CLK_0_BUFG/O
                         net (fo=1181, routed)        1.522    22.701    ghost_bd_i/smartconnect_0/inst/s00_entry_pipeline/s00_si_converter/inst/gen_axilite_conv.axilite_conv_inst/aclk
    SLICE_X28Y88         FDRE                                         r  ghost_bd_i/smartconnect_0/inst/s00_entry_pipeline/s00_si_converter/inst/gen_axilite_conv.axilite_conv_inst/ar_addr_d_reg[2]/C
                         clock pessimism              0.229    22.930    
                         clock uncertainty           -0.302    22.628    
    SLICE_X28Y88         FDRE (Setup_fdre_C_CE)      -0.408    22.220    ghost_bd_i/smartconnect_0/inst/s00_entry_pipeline/s00_si_converter/inst/gen_axilite_conv.axilite_conv_inst/ar_addr_d_reg[2]
  -------------------------------------------------------------------
                         required time                         22.220    
                         arrival time                         -11.281    
  -------------------------------------------------------------------
                         slack                                 10.939    

Slack (MET) :             10.939ns  (required time - arrival time)
  Source:                 ghost_bd_i/processing_system7_0/inst/PS7_i/MAXIGP0ACLK
                            (rising edge-triggered cell PS7 clocked by clk_fpga_0  {rise@0.000ns fall@10.000ns period=20.000ns})
  Destination:            ghost_bd_i/smartconnect_0/inst/s00_entry_pipeline/s00_si_converter/inst/gen_axilite_conv.axilite_conv_inst/ar_addr_d_reg[3]/CE
                            (rising edge-triggered cell FDRE clocked by clk_fpga_0  {rise@0.000ns fall@10.000ns period=20.000ns})
  Path Group:             clk_fpga_0
  Path Type:              Setup (Max at Slow Process Corner)
  Requirement:            20.000ns  (clk_fpga_0 rise@20.000ns - clk_fpga_0 rise@0.000ns)
  Data Path Delay:        8.250ns  (logic 2.445ns (29.635%)  route 5.805ns (70.365%))
  Logic Levels:           6  (LUT2=1 LUT4=2 LUT5=1 LUT6=2)
  Clock Path Skew:        -0.101ns (DCD - SCD + CPR)
    Destination Clock Delay (DCD):    2.701ns = ( 22.701 - 20.000 ) 
    Source Clock Delay      (SCD):    3.031ns
    Clock Pessimism Removal (CPR):    0.229ns
  Clock Uncertainty:      0.302ns  ((TSJ^2 + TIJ^2)^1/2 + DJ) / 2 + PE
    Total System Jitter     (TSJ):    0.071ns
    Total Input Jitter      (TIJ):    0.600ns
    Discrete Jitter          (DJ):    0.000ns
    Phase Error              (PE):    0.000ns

    Location             Delay type                Incr(ns)  Path(ns)    Netlist Resource(s)
  -------------------------------------------------------------------    -------------------
                         (clock clk_fpga_0 rise edge)
                                                      0.000     0.000 r  
    PS7_X0Y0             PS7                          0.000     0.000 r  ghost_bd_i/processing_system7_0/inst/PS7_i/FCLKCLK[0]
                         net (fo=1, routed)           1.193     1.193    ghost_bd_i/processing_system7_0/inst/FCLK_CLK_unbuffered[0]
    BUFGCTRL_X0Y16       BUFG (Prop_bufg_I_O)         0.101     1.294 r  ghost_bd_i/processing_system7_0/inst/buffer_fclk_clk_0.FCLK_CLK_0_BUFG/O
                         net (fo=1181, routed)        1.737     3.031    ghost_bd_i/processing_system7_0/inst/M_AXI_GP0_ACLK
    PS7_X0Y0             PS7                                          r  ghost_bd_i/processing_system7_0/inst/PS7_i/MAXIGP0ACLK
  -------------------------------------------------------------------    -------------------
    PS7_X0Y0             PS7 (Prop_ps7_MAXIGP0ACLK_MAXIGP0ARADDR[22])
                                                      1.438     4.469 r  ghost_bd_i/processing_system7_0/inst/PS7_i/MAXIGP0ARADDR[22]
                         net (fo=5, routed)           1.211     5.680    ghost_bd_i/smartconnect_0/inst/s00_entry_pipeline/s00_mmu/inst/ar_reg_stall/s_axi_araddr[6]
    SLICE_X27Y94         LUT5 (Prop_lut5_I4_O)        0.124     5.804 f  ghost_bd_i/smartconnect_0/inst/s00_entry_pipeline/s00_mmu/inst/ar_reg_stall/m_axi_aruser[5]_INST_0_i_5/O
                         net (fo=2, routed)           0.529     6.332    ghost_bd_i/smartconnect_0/inst/s00_entry_pipeline/s00_mmu/inst/ar_reg_stall/S00_AXI_araddr[23]
    SLICE_X26Y94         LUT6 (Prop_lut6_I5_O)        0.124     6.456 r  ghost_bd_i/smartconnect_0/inst/s00_entry_pipeline/s00_mmu/inst/ar_reg_stall/m_axi_aruser[5]_INST_0_i_2/O
                         net (fo=11, routed)          1.218     7.675    ghost_bd_i/smartconnect_0/inst/s00_entry_pipeline/s00_mmu/inst/sr_axi_aruser[1]
    SLICE_X28Y94         LUT4 (Prop_lut4_I2_O)        0.154     7.829 f  ghost_bd_i/smartconnect_0/inst/s00_entry_pipeline/s00_mmu/inst/m_axi_arvalid_INST_0_i_1/O
                         net (fo=3, routed)           0.423     8.252    ghost_bd_i/smartconnect_0/inst/s00_entry_pipeline/s00_mmu/inst/ar_reg_stall/gen_endpoint.r_trigger_decerr
    SLICE_X29Y94         LUT6 (Prop_lut6_I3_O)        0.327     8.579 r  ghost_bd_i/smartconnect_0/inst/s00_entry_pipeline/s00_mmu/inst/ar_reg_stall/m_axi_arvalid_INST_0/O
                         net (fo=3, routed)           0.638     9.217    ghost_bd_i/smartconnect_0/inst/s00_entry_pipeline/s00_transaction_regulator/inst/gen_endpoint.gen_r_singleorder.r_singleorder/s_axi_arvalid
    SLICE_X31Y95         LUT2 (Prop_lut2_I0_O)        0.124     9.341 r  ghost_bd_i/smartconnect_0/inst/s00_entry_pipeline/s00_transaction_regulator/inst/gen_endpoint.gen_r_singleorder.r_singleorder/m_axi_arvalid_INST_0/O
                         net (fo=11, routed)          1.286    10.626    ghost_bd_i/smartconnect_0/inst/s00_entry_pipeline/s00_si_converter/inst/gen_axilite_conv.axilite_conv_inst/s_axi_arvalid
    SLICE_X28Y90         LUT4 (Prop_lut4_I1_O)        0.154    10.780 r  ghost_bd_i/smartconnect_0/inst/s00_entry_pipeline/s00_si_converter/inst/gen_axilite_conv.axilite_conv_inst/ar_addr_d[8]_i_1/O
                         net (fo=7, routed)           0.501    11.281    ghost_bd_i/smartconnect_0/inst/s00_entry_pipeline/s00_si_converter/inst/gen_axilite_conv.axilite_conv_inst/ar_addr_d[8]_i_1_n_0
    SLICE_X28Y88         FDRE                                         r  ghost_bd_i/smartconnect_0/inst/s00_entry_pipeline/s00_si_converter/inst/gen_axilite_conv.axilite_conv_inst/ar_addr_d_reg[3]/CE
  -------------------------------------------------------------------    -------------------

                         (clock clk_fpga_0 rise edge)
                                                     20.000    20.000 r  
    PS7_X0Y0             PS7                          0.000    20.000 r  ghost_bd_i/processing_system7_0/inst/PS7_i/FCLKCLK[0]
                         net (fo=1, routed)           1.088    21.088    ghost_bd_i/processing_system7_0/inst/FCLK_CLK_unbuffered[0]
    BUFGCTRL_X0Y16       BUFG (Prop_bufg_I_O)         0.091    21.179 r  ghost_bd_i/processing_system7_0/inst/buffer_fclk_clk_0.FCLK_CLK_0_BUFG/O
                         net (fo=1181, routed)        1.522    22.701    ghost_bd_i/smartconnect_0/inst/s00_entry_pipeline/s00_si_converter/inst/gen_axilite_conv.axilite_conv_inst/aclk
    SLICE_X28Y88         FDRE                                         r  ghost_bd_i/smartconnect_0/inst/s00_entry_pipeline/s00_si_converter/inst/gen_axilite_conv.axilite_conv_inst/ar_addr_d_reg[3]/C
                         clock pessimism              0.229    22.930    
                         clock uncertainty           -0.302    22.628    
    SLICE_X28Y88         FDRE (Setup_fdre_C_CE)      -0.408    22.220    ghost_bd_i/smartconnect_0/inst/s00_entry_pipeline/s00_si_converter/inst/gen_axilite_conv.axilite_conv_inst/ar_addr_d_reg[3]
  -------------------------------------------------------------------
                         required time                         22.220    
                         arrival time                         -11.281    
  -------------------------------------------------------------------
                         slack                                 10.939    

Slack (MET) :             10.939ns  (required time - arrival time)
  Source:                 ghost_bd_i/processing_system7_0/inst/PS7_i/MAXIGP0ACLK
                            (rising edge-triggered cell PS7 clocked by clk_fpga_0  {rise@0.000ns fall@10.000ns period=20.000ns})
  Destination:            ghost_bd_i/smartconnect_0/inst/s00_entry_pipeline/s00_si_converter/inst/gen_axilite_conv.axilite_conv_inst/ar_addr_d_reg[4]/CE
                            (rising edge-triggered cell FDRE clocked by clk_fpga_0  {rise@0.000ns fall@10.000ns period=20.000ns})
  Path Group:             clk_fpga_0
  Path Type:              Setup (Max at Slow Process Corner)
  Requirement:            20.000ns  (clk_fpga_0 rise@20.000ns - clk_fpga_0 rise@0.000ns)
  Data Path Delay:        8.250ns  (logic 2.445ns (29.635%)  route 5.805ns (70.365%))
  Logic Levels:           6  (LUT2=1 LUT4=2 LUT5=1 LUT6=2)
  Clock Path Skew:        -0.101ns (DCD - SCD + CPR)
    Destination Clock Delay (DCD):    2.701ns = ( 22.701 - 20.000 ) 
    Source Clock Delay      (SCD):    3.031ns
    Clock Pessimism Removal (CPR):    0.229ns
  Clock Uncertainty:      0.302ns  ((TSJ^2 + TIJ^2)^1/2 + DJ) / 2 + PE
    Total System Jitter     (TSJ):    0.071ns
    Total Input Jitter      (TIJ):    0.600ns
    Discrete Jitter          (DJ):    0.000ns
    Phase Error              (PE):    0.000ns

    Location             Delay type                Incr(ns)  Path(ns)    Netlist Resource(s)
  -------------------------------------------------------------------    -------------------
                         (clock clk_fpga_0 rise edge)
                                                      0.000     0.000 r  
    PS7_X0Y0             PS7                          0.000     0.000 r  ghost_bd_i/processing_system7_0/inst/PS7_i/FCLKCLK[0]
                         net (fo=1, routed)           1.193     1.193    ghost_bd_i/processing_system7_0/inst/FCLK_CLK_unbuffered[0]
    BUFGCTRL_X0Y16       BUFG (Prop_bufg_I_O)         0.101     1.294 r  ghost_bd_i/processing_system7_0/inst/buffer_fclk_clk_0.FCLK_CLK_0_BUFG/O
                         net (fo=1181, routed)        1.737     3.031    ghost_bd_i/processing_system7_0/inst/M_AXI_GP0_ACLK
    PS7_X0Y0             PS7                                          r  ghost_bd_i/processing_system7_0/inst/PS7_i/MAXIGP0ACLK
  -------------------------------------------------------------------    -------------------
    PS7_X0Y0             PS7 (Prop_ps7_MAXIGP0ACLK_MAXIGP0ARADDR[22])
                                                      1.438     4.469 r  ghost_bd_i/processing_system7_0/inst/PS7_i/MAXIGP0ARADDR[22]
                         net (fo=5, routed)           1.211     5.680    ghost_bd_i/smartconnect_0/inst/s00_entry_pipeline/s00_mmu/inst/ar_reg_stall/s_axi_araddr[6]
    SLICE_X27Y94         LUT5 (Prop_lut5_I4_O)        0.124     5.804 f  ghost_bd_i/smartconnect_0/inst/s00_entry_pipeline/s00_mmu/inst/ar_reg_stall/m_axi_aruser[5]_INST_0_i_5/O
                         net (fo=2, routed)           0.529     6.332    ghost_bd_i/smartconnect_0/inst/s00_entry_pipeline/s00_mmu/inst/ar_reg_stall/S00_AXI_araddr[23]
    SLICE_X26Y94         LUT6 (Prop_lut6_I5_O)        0.124     6.456 r  ghost_bd_i/smartconnect_0/inst/s00_entry_pipeline/s00_mmu/inst/ar_reg_stall/m_axi_aruser[5]_INST_0_i_2/O
                         net (fo=11, routed)          1.218     7.675    ghost_bd_i/smartconnect_0/inst/s00_entry_pipeline/s00_mmu/inst/sr_axi_aruser[1]
    SLICE_X28Y94         LUT4 (Prop_lut4_I2_O)        0.154     7.829 f  ghost_bd_i/smartconnect_0/inst/s00_entry_pipeline/s00_mmu/inst/m_axi_arvalid_INST_0_i_1/O
                         net (fo=3, routed)           0.423     8.252    ghost_bd_i/smartconnect_0/inst/s00_entry_pipeline/s00_mmu/inst/ar_reg_stall/gen_endpoint.r_trigger_decerr
    SLICE_X29Y94         LUT6 (Prop_lut6_I3_O)        0.327     8.579 r  ghost_bd_i/smartconnect_0/inst/s00_entry_pipeline/s00_mmu/inst/ar_reg_stall/m_axi_arvalid_INST_0/O
                         net (fo=3, routed)           0.638     9.217    ghost_bd_i/smartconnect_0/inst/s00_entry_pipeline/s00_transaction_regulator/inst/gen_endpoint.gen_r_singleorder.r_singleorder/s_axi_arvalid
    SLICE_X31Y95         LUT2 (Prop_lut2_I0_O)        0.124     9.341 r  ghost_bd_i/smartconnect_0/inst/s00_entry_pipeline/s00_transaction_regulator/inst/gen_endpoint.gen_r_singleorder.r_singleorder/m_axi_arvalid_INST_0/O
                         net (fo=11, routed)          1.286    10.626    ghost_bd_i/smartconnect_0/inst/s00_entry_pipeline/s00_si_converter/inst/gen_axilite_conv.axilite_conv_inst/s_axi_arvalid
    SLICE_X28Y90         LUT4 (Prop_lut4_I1_O)        0.154    10.780 r  ghost_bd_i/smartconnect_0/inst/s00_entry_pipeline/s00_si_converter/inst/gen_axilite_conv.axilite_conv_inst/ar_addr_d[8]_i_1/O
                         net (fo=7, routed)           0.501    11.281    ghost_bd_i/smartconnect_0/inst/s00_entry_pipeline/s00_si_converter/inst/gen_axilite_conv.axilite_conv_inst/ar_addr_d[8]_i_1_n_0
    SLICE_X28Y88         FDRE                                         r  ghost_bd_i/smartconnect_0/inst/s00_entry_pipeline/s00_si_converter/inst/gen_axilite_conv.axilite_conv_inst/ar_addr_d_reg[4]/CE
  -------------------------------------------------------------------    -------------------

                         (clock clk_fpga_0 rise edge)
                                                     20.000    20.000 r  
    PS7_X0Y0             PS7                          0.000    20.000 r  ghost_bd_i/processing_system7_0/inst/PS7_i/FCLKCLK[0]
                         net (fo=1, routed)           1.088    21.088    ghost_bd_i/processing_system7_0/inst/FCLK_CLK_unbuffered[0]
    BUFGCTRL_X0Y16       BUFG (Prop_bufg_I_O)         0.091    21.179 r  ghost_bd_i/processing_system7_0/inst/buffer_fclk_clk_0.FCLK_CLK_0_BUFG/O
                         net (fo=1181, routed)        1.522    22.701    ghost_bd_i/smartconnect_0/inst/s00_entry_pipeline/s00_si_converter/inst/gen_axilite_conv.axilite_conv_inst/aclk
    SLICE_X28Y88         FDRE                                         r  ghost_bd_i/smartconnect_0/inst/s00_entry_pipeline/s00_si_converter/inst/gen_axilite_conv.axilite_conv_inst/ar_addr_d_reg[4]/C
                         clock pessimism              0.229    22.930    
                         clock uncertainty           -0.302    22.628    
    SLICE_X28Y88         FDRE (Setup_fdre_C_CE)      -0.408    22.220    ghost_bd_i/smartconnect_0/inst/s00_entry_pipeline/s00_si_converter/inst/gen_axilite_conv.axilite_conv_inst/ar_addr_d_reg[4]
  -------------------------------------------------------------------
                         required time                         22.220    
                         arrival time                         -11.281    
  -------------------------------------------------------------------
                         slack                                 10.939    

Slack (MET) :             10.939ns  (required time - arrival time)
  Source:                 ghost_bd_i/processing_system7_0/inst/PS7_i/MAXIGP0ACLK
                            (rising edge-triggered cell PS7 clocked by clk_fpga_0  {rise@0.000ns fall@10.000ns period=20.000ns})
  Destination:            ghost_bd_i/smartconnect_0/inst/s00_entry_pipeline/s00_si_converter/inst/gen_axilite_conv.axilite_conv_inst/ar_addr_d_reg[5]/CE
                            (rising edge-triggered cell FDRE clocked by clk_fpga_0  {rise@0.000ns fall@10.000ns period=20.000ns})
  Path Group:             clk_fpga_0
  Path Type:              Setup (Max at Slow Process Corner)
  Requirement:            20.000ns  (clk_fpga_0 rise@20.000ns - clk_fpga_0 rise@0.000ns)
  Data Path Delay:        8.250ns  (logic 2.445ns (29.635%)  route 5.805ns (70.365%))
  Logic Levels:           6  (LUT2=1 LUT4=2 LUT5=1 LUT6=2)
  Clock Path Skew:        -0.101ns (DCD - SCD + CPR)
    Destination Clock Delay (DCD):    2.701ns = ( 22.701 - 20.000 ) 
    Source Clock Delay      (SCD):    3.031ns
    Clock Pessimism Removal (CPR):    0.229ns
  Clock Uncertainty:      0.302ns  ((TSJ^2 + TIJ^2)^1/2 + DJ) / 2 + PE
    Total System Jitter     (TSJ):    0.071ns
    Total Input Jitter      (TIJ):    0.600ns
    Discrete Jitter          (DJ):    0.000ns
    Phase Error              (PE):    0.000ns

    Location             Delay type                Incr(ns)  Path(ns)    Netlist Resource(s)
  -------------------------------------------------------------------    -------------------
                         (clock clk_fpga_0 rise edge)
                                                      0.000     0.000 r  
    PS7_X0Y0             PS7                          0.000     0.000 r  ghost_bd_i/processing_system7_0/inst/PS7_i/FCLKCLK[0]
                         net (fo=1, routed)           1.193     1.193    ghost_bd_i/processing_system7_0/inst/FCLK_CLK_unbuffered[0]
    BUFGCTRL_X0Y16       BUFG (Prop_bufg_I_O)         0.101     1.294 r  ghost_bd_i/processing_system7_0/inst/buffer_fclk_clk_0.FCLK_CLK_0_BUFG/O
                         net (fo=1181, routed)        1.737     3.031    ghost_bd_i/processing_system7_0/inst/M_AXI_GP0_ACLK
    PS7_X0Y0             PS7                                          r  ghost_bd_i/processing_system7_0/inst/PS7_i/MAXIGP0ACLK
  -------------------------------------------------------------------    -------------------
    PS7_X0Y0             PS7 (Prop_ps7_MAXIGP0ACLK_MAXIGP0ARADDR[22])
                                                      1.438     4.469 r  ghost_bd_i/processing_system7_0/inst/PS7_i/MAXIGP0ARADDR[22]
                         net (fo=5, routed)           1.211     5.680    ghost_bd_i/smartconnect_0/inst/s00_entry_pipeline/s00_mmu/inst/ar_reg_stall/s_axi_araddr[6]
    SLICE_X27Y94         LUT5 (Prop_lut5_I4_O)        0.124     5.804 f  ghost_bd_i/smartconnect_0/inst/s00_entry_pipeline/s00_mmu/inst/ar_reg_stall/m_axi_aruser[5]_INST_0_i_5/O
                         net (fo=2, routed)           0.529     6.332    ghost_bd_i/smartconnect_0/inst/s00_entry_pipeline/s00_mmu/inst/ar_reg_stall/S00_AXI_araddr[23]
    SLICE_X26Y94         LUT6 (Prop_lut6_I5_O)        0.124     6.456 r  ghost_bd_i/smartconnect_0/inst/s00_entry_pipeline/s00_mmu/inst/ar_reg_stall/m_axi_aruser[5]_INST_0_i_2/O
                         net (fo=11, routed)          1.218     7.675    ghost_bd_i/smartconnect_0/inst/s00_entry_pipeline/s00_mmu/inst/sr_axi_aruser[1]
    SLICE_X28Y94         LUT4 (Prop_lut4_I2_O)        0.154     7.829 f  ghost_bd_i/smartconnect_0/inst/s00_entry_pipeline/s00_mmu/inst/m_axi_arvalid_INST_0_i_1/O
                         net (fo=3, routed)           0.423     8.252    ghost_bd_i/smartconnect_0/inst/s00_entry_pipeline/s00_mmu/inst/ar_reg_stall/gen_endpoint.r_trigger_decerr
    SLICE_X29Y94         LUT6 (Prop_lut6_I3_O)        0.327     8.579 r  ghost_bd_i/smartconnect_0/inst/s00_entry_pipeline/s00_mmu/inst/ar_reg_stall/m_axi_arvalid_INST_0/O
                         net (fo=3, routed)           0.638     9.217    ghost_bd_i/smartconnect_0/inst/s00_entry_pipeline/s00_transaction_regulator/inst/gen_endpoint.gen_r_singleorder.r_singleorder/s_axi_arvalid
    SLICE_X31Y95         LUT2 (Prop_lut2_I0_O)        0.124     9.341 r  ghost_bd_i/smartconnect_0/inst/s00_entry_pipeline/s00_transaction_regulator/inst/gen_endpoint.gen_r_singleorder.r_singleorder/m_axi_arvalid_INST_0/O
                         net (fo=11, routed)          1.286    10.626    ghost_bd_i/smartconnect_0/inst/s00_entry_pipeline/s00_si_converter/inst/gen_axilite_conv.axilite_conv_inst/s_axi_arvalid
    SLICE_X28Y90         LUT4 (Prop_lut4_I1_O)        0.154    10.780 r  ghost_bd_i/smartconnect_0/inst/s00_entry_pipeline/s00_si_converter/inst/gen_axilite_conv.axilite_conv_inst/ar_addr_d[8]_i_1/O
                         net (fo=7, routed)           0.501    11.281    ghost_bd_i/smartconnect_0/inst/s00_entry_pipeline/s00_si_converter/inst/gen_axilite_conv.axilite_conv_inst/ar_addr_d[8]_i_1_n_0
    SLICE_X28Y88         FDRE                                         r  ghost_bd_i/smartconnect_0/inst/s00_entry_pipeline/s00_si_converter/inst/gen_axilite_conv.axilite_conv_inst/ar_addr_d_reg[5]/CE
  -------------------------------------------------------------------    -------------------

                         (clock clk_fpga_0 rise edge)
                                                     20.000    20.000 r  
    PS7_X0Y0             PS7                          0.000    20.000 r  ghost_bd_i/processing_system7_0/inst/PS7_i/FCLKCLK[0]
                         net (fo=1, routed)           1.088    21.088    ghost_bd_i/processing_system7_0/inst/FCLK_CLK_unbuffered[0]
    BUFGCTRL_X0Y16       BUFG (Prop_bufg_I_O)         0.091    21.179 r  ghost_bd_i/processing_system7_0/inst/buffer_fclk_clk_0.FCLK_CLK_0_BUFG/O
                         net (fo=1181, routed)        1.522    22.701    ghost_bd_i/smartconnect_0/inst/s00_entry_pipeline/s00_si_converter/inst/gen_axilite_conv.axilite_conv_inst/aclk
    SLICE_X28Y88         FDRE                                         r  ghost_bd_i/smartconnect_0/inst/s00_entry_pipeline/s00_si_converter/inst/gen_axilite_conv.axilite_conv_inst/ar_addr_d_reg[5]/C
                         clock pessimism              0.229    22.930    
                         clock uncertainty           -0.302    22.628    
    SLICE_X28Y88         FDRE (Setup_fdre_C_CE)      -0.408    22.220    ghost_bd_i/smartconnect_0/inst/s00_entry_pipeline/s00_si_converter/inst/gen_axilite_conv.axilite_conv_inst/ar_addr_d_reg[5]
  -------------------------------------------------------------------
                         required time                         22.220    
                         arrival time                         -11.281    
  -------------------------------------------------------------------
                         slack                                 10.939    

Slack (MET) :             10.939ns  (required time - arrival time)
  Source:                 ghost_bd_i/processing_system7_0/inst/PS7_i/MAXIGP0ACLK
                            (rising edge-triggered cell PS7 clocked by clk_fpga_0  {rise@0.000ns fall@10.000ns period=20.000ns})
  Destination:            ghost_bd_i/smartconnect_0/inst/s00_entry_pipeline/s00_si_converter/inst/gen_axilite_conv.axilite_conv_inst/ar_addr_d_reg[6]/CE
                            (rising edge-triggered cell FDRE clocked by clk_fpga_0  {rise@0.000ns fall@10.000ns period=20.000ns})
  Path Group:             clk_fpga_0
  Path Type:              Setup (Max at Slow Process Corner)
  Requirement:            20.000ns  (clk_fpga_0 rise@20.000ns - clk_fpga_0 rise@0.000ns)
  Data Path Delay:        8.250ns  (logic 2.445ns (29.635%)  route 5.805ns (70.365%))
  Logic Levels:           6  (LUT2=1 LUT4=2 LUT5=1 LUT6=2)
  Clock Path Skew:        -0.101ns (DCD - SCD + CPR)
    Destination Clock Delay (DCD):    2.701ns = ( 22.701 - 20.000 ) 
    Source Clock Delay      (SCD):    3.031ns
    Clock Pessimism Removal (CPR):    0.229ns
  Clock Uncertainty:      0.302ns  ((TSJ^2 + TIJ^2)^1/2 + DJ) / 2 + PE
    Total System Jitter     (TSJ):    0.071ns
    Total Input Jitter      (TIJ):    0.600ns
    Discrete Jitter          (DJ):    0.000ns
    Phase Error              (PE):    0.000ns

    Location             Delay type                Incr(ns)  Path(ns)    Netlist Resource(s)
  -------------------------------------------------------------------    -------------------
                         (clock clk_fpga_0 rise edge)
                                                      0.000     0.000 r  
    PS7_X0Y0             PS7                          0.000     0.000 r  ghost_bd_i/processing_system7_0/inst/PS7_i/FCLKCLK[0]
                         net (fo=1, routed)           1.193     1.193    ghost_bd_i/processing_system7_0/inst/FCLK_CLK_unbuffered[0]
    BUFGCTRL_X0Y16       BUFG (Prop_bufg_I_O)         0.101     1.294 r  ghost_bd_i/processing_system7_0/inst/buffer_fclk_clk_0.FCLK_CLK_0_BUFG/O
                         net (fo=1181, routed)        1.737     3.031    ghost_bd_i/processing_system7_0/inst/M_AXI_GP0_ACLK
    PS7_X0Y0             PS7                                          r  ghost_bd_i/processing_system7_0/inst/PS7_i/MAXIGP0ACLK
  -------------------------------------------------------------------    -------------------
    PS7_X0Y0             PS7 (Prop_ps7_MAXIGP0ACLK_MAXIGP0ARADDR[22])
                                                      1.438     4.469 r  ghost_bd_i/processing_system7_0/inst/PS7_i/MAXIGP0ARADDR[22]
                         net (fo=5, routed)           1.211     5.680    ghost_bd_i/smartconnect_0/inst/s00_entry_pipeline/s00_mmu/inst/ar_reg_stall/s_axi_araddr[6]
    SLICE_X27Y94         LUT5 (Prop_lut5_I4_O)        0.124     5.804 f  ghost_bd_i/smartconnect_0/inst/s00_entry_pipeline/s00_mmu/inst/ar_reg_stall/m_axi_aruser[5]_INST_0_i_5/O
                         net (fo=2, routed)           0.529     6.332    ghost_bd_i/smartconnect_0/inst/s00_entry_pipeline/s00_mmu/inst/ar_reg_stall/S00_AXI_araddr[23]
    SLICE_X26Y94         LUT6 (Prop_lut6_I5_O)        0.124     6.456 r  ghost_bd_i/smartconnect_0/inst/s00_entry_pipeline/s00_mmu/inst/ar_reg_stall/m_axi_aruser[5]_INST_0_i_2/O
                         net (fo=11, routed)          1.218     7.675    ghost_bd_i/smartconnect_0/inst/s00_entry_pipeline/s00_mmu/inst/sr_axi_aruser[1]
    SLICE_X28Y94         LUT4 (Prop_lut4_I2_O)        0.154     7.829 f  ghost_bd_i/smartconnect_0/inst/s00_entry_pipeline/s00_mmu/inst/m_axi_arvalid_INST_0_i_1/O
                         net (fo=3, routed)           0.423     8.252    ghost_bd_i/smartconnect_0/inst/s00_entry_pipeline/s00_mmu/inst/ar_reg_stall/gen_endpoint.r_trigger_decerr
    SLICE_X29Y94         LUT6 (Prop_lut6_I3_O)        0.327     8.579 r  ghost_bd_i/smartconnect_0/inst/s00_entry_pipeline/s00_mmu/inst/ar_reg_stall/m_axi_arvalid_INST_0/O
                         net (fo=3, routed)           0.638     9.217    ghost_bd_i/smartconnect_0/inst/s00_entry_pipeline/s00_transaction_regulator/inst/gen_endpoint.gen_r_singleorder.r_singleorder/s_axi_arvalid
    SLICE_X31Y95         LUT2 (Prop_lut2_I0_O)        0.124     9.341 r  ghost_bd_i/smartconnect_0/inst/s00_entry_pipeline/s00_transaction_regulator/inst/gen_endpoint.gen_r_singleorder.r_singleorder/m_axi_arvalid_INST_0/O
                         net (fo=11, routed)          1.286    10.626    ghost_bd_i/smartconnect_0/inst/s00_entry_pipeline/s00_si_converter/inst/gen_axilite_conv.axilite_conv_inst/s_axi_arvalid
    SLICE_X28Y90         LUT4 (Prop_lut4_I1_O)        0.154    10.780 r  ghost_bd_i/smartconnect_0/inst/s00_entry_pipeline/s00_si_converter/inst/gen_axilite_conv.axilite_conv_inst/ar_addr_d[8]_i_1/O
                         net (fo=7, routed)           0.501    11.281    ghost_bd_i/smartconnect_0/inst/s00_entry_pipeline/s00_si_converter/inst/gen_axilite_conv.axilite_conv_inst/ar_addr_d[8]_i_1_n_0
    SLICE_X29Y88         FDRE                                         r  ghost_bd_i/smartconnect_0/inst/s00_entry_pipeline/s00_si_converter/inst/gen_axilite_conv.axilite_conv_inst/ar_addr_d_reg[6]/CE
  -------------------------------------------------------------------    -------------------

                         (clock clk_fpga_0 rise edge)
                                                     20.000    20.000 r  
    PS7_X0Y0             PS7                          0.000    20.000 r  ghost_bd_i/processing_system7_0/inst/PS7_i/FCLKCLK[0]
                         net (fo=1, routed)           1.088    21.088    ghost_bd_i/processing_system7_0/inst/FCLK_CLK_unbuffered[0]
    BUFGCTRL_X0Y16       BUFG (Prop_bufg_I_O)         0.091    21.179 r  ghost_bd_i/processing_system7_0/inst/buffer_fclk_clk_0.FCLK_CLK_0_BUFG/O
                         net (fo=1181, routed)        1.522    22.701    ghost_bd_i/smartconnect_0/inst/s00_entry_pipeline/s00_si_converter/inst/gen_axilite_conv.axilite_conv_inst/aclk
    SLICE_X29Y88         FDRE                                         r  ghost_bd_i/smartconnect_0/inst/s00_entry_pipeline/s00_si_converter/inst/gen_axilite_conv.axilite_conv_inst/ar_addr_d_reg[6]/C
                         clock pessimism              0.229    22.930    
                         clock uncertainty           -0.302    22.628    
    SLICE_X29Y88         FDRE (Setup_fdre_C_CE)      -0.408    22.220    ghost_bd_i/smartconnect_0/inst/s00_entry_pipeline/s00_si_converter/inst/gen_axilite_conv.axilite_conv_inst/ar_addr_d_reg[6]
  -------------------------------------------------------------------
                         required time                         22.220    
                         arrival time                         -11.281    
  -------------------------------------------------------------------
                         slack                                 10.939    

Slack (MET) :             11.035ns  (required time - arrival time)
  Source:                 ghost_bd_i/gpio_ghost3/U0/gpio_core_1/Not_Dual.gpio_Data_Out_reg[5]/C
                            (rising edge-triggered cell FDRE clocked by clk_fpga_0  {rise@0.000ns fall@10.000ns period=20.000ns})
  Destination:            ghost_bd_i/ghost_multi_0/inst/ghost3/s1_los_dir_reg[1]/D
                            (rising edge-triggered cell FDCE clocked by clk_fpga_0  {rise@0.000ns fall@10.000ns period=20.000ns})
  Path Group:             clk_fpga_0
  Path Type:              Setup (Max at Slow Process Corner)
  Requirement:            20.000ns  (clk_fpga_0 rise@20.000ns - clk_fpga_0 rise@0.000ns)
  Data Path Delay:        8.566ns  (logic 1.999ns (23.336%)  route 6.567ns (76.664%))
  Logic Levels:           6  (CARRY4=1 LUT2=1 LUT4=1 LUT6=3)
  Clock Path Skew:        -0.030ns (DCD - SCD + CPR)
    Destination Clock Delay (DCD):    2.646ns = ( 22.646 - 20.000 ) 
    Source Clock Delay      (SCD):    2.939ns
    Clock Pessimism Removal (CPR):    0.263ns
  Clock Uncertainty:      0.302ns  ((TSJ^2 + TIJ^2)^1/2 + DJ) / 2 + PE
    Total System Jitter     (TSJ):    0.071ns
    Total Input Jitter      (TIJ):    0.600ns
    Discrete Jitter          (DJ):    0.000ns
    Phase Error              (PE):    0.000ns

    Location             Delay type                Incr(ns)  Path(ns)    Netlist Resource(s)
  -------------------------------------------------------------------    -------------------
                         (clock clk_fpga_0 rise edge)
                                                      0.000     0.000 r  
    PS7_X0Y0             PS7                          0.000     0.000 r  ghost_bd_i/processing_system7_0/inst/PS7_i/FCLKCLK[0]
                         net (fo=1, routed)           1.193     1.193    ghost_bd_i/processing_system7_0/inst/FCLK_CLK_unbuffered[0]
    BUFGCTRL_X0Y16       BUFG (Prop_bufg_I_O)         0.101     1.294 r  ghost_bd_i/processing_system7_0/inst/buffer_fclk_clk_0.FCLK_CLK_0_BUFG/O
                         net (fo=1181, routed)        1.645     2.939    ghost_bd_i/gpio_ghost3/U0/gpio_core_1/s_axi_aclk
    SLICE_X36Y84         FDRE                                         r  ghost_bd_i/gpio_ghost3/U0/gpio_core_1/Not_Dual.gpio_Data_Out_reg[5]/C
  -------------------------------------------------------------------    -------------------
    SLICE_X36Y84         FDRE (Prop_fdre_C_Q)         0.518     3.457 r  ghost_bd_i/gpio_ghost3/U0/gpio_core_1/Not_Dual.gpio_Data_Out_reg[5]/Q
                         net (fo=21, routed)          1.886     5.343    ghost_bd_i/ghost_multi_0/ghost3_row[2]
    SLICE_X38Y71         LUT2 (Prop_lut2_I0_O)        0.124     5.467 r  ghost_bd_i/ghost_multi_0/s1_los_dir[1]_i_103__1/O
                         net (fo=1, routed)           0.000     5.467    ghost_bd_i/ghost_multi_0/s1_los_dir[1]_i_103__1_n_0
    SLICE_X38Y71         CARRY4 (Prop_carry4_S[0]_O[1])
                                                      0.427     5.894 f  ghost_bd_i/ghost_multi_0/s1_los_dir_reg[1]_i_90__0/O[1]
                         net (fo=40, routed)          1.491     7.384    ghost_bd_i/ghost_multi_0/inst/ghost3/s1_los_dir[1]_i_33__1_0[1]
    SLICE_X38Y75         LUT4 (Prop_lut4_I1_O)        0.334     7.718 r  ghost_bd_i/ghost_multi_0/inst/ghost3/s1_los_dir[1]_i_77__1/O
                         net (fo=1, routed)           0.848     8.566    ghost_bd_i/ghost_multi_0/inst/ghost3/s1_los_dir[1]_i_77__1_n_0
    SLICE_X38Y75         LUT6 (Prop_lut6_I3_O)        0.348     8.914 f  ghost_bd_i/ghost_multi_0/inst/ghost3/s1_los_dir[1]_i_20__0/O
                         net (fo=2, routed)           0.724     9.639    ghost_bd_i/ghost_multi_0/inst/ghost3/s1_los_dir[1]_i_20__0_n_0
    SLICE_X35Y74         LUT6 (Prop_lut6_I2_O)        0.124     9.763 f  ghost_bd_i/ghost_multi_0/inst/ghost3/s1_los_dir[1]_i_4__1/O
                         net (fo=2, routed)           0.960    10.723    ghost_bd_i/ghost_multi_0/inst/ghost3/s1_los_dir[1]_i_4__1_n_0
    SLICE_X36Y74         LUT6 (Prop_lut6_I2_O)        0.124    10.847 r  ghost_bd_i/ghost_multi_0/inst/ghost3/s1_los_dir[1]_i_1__1/O
                         net (fo=2, routed)           0.658    11.505    ghost_bd_i/ghost_multi_0/inst/ghost3/los_dir_comb[1]
    SLICE_X39Y78         FDCE                                         r  ghost_bd_i/ghost_multi_0/inst/ghost3/s1_los_dir_reg[1]/D
  -------------------------------------------------------------------    -------------------

                         (clock clk_fpga_0 rise edge)
                                                     20.000    20.000 r  
    PS7_X0Y0             PS7                          0.000    20.000 r  ghost_bd_i/processing_system7_0/inst/PS7_i/FCLKCLK[0]
                         net (fo=1, routed)           1.088    21.088    ghost_bd_i/processing_system7_0/inst/FCLK_CLK_unbuffered[0]
    BUFGCTRL_X0Y16       BUFG (Prop_bufg_I_O)         0.091    21.179 r  ghost_bd_i/processing_system7_0/inst/buffer_fclk_clk_0.FCLK_CLK_0_BUFG/O
                         net (fo=1181, routed)        1.467    22.646    ghost_bd_i/ghost_multi_0/inst/ghost3/S_AXI_ACLK
    SLICE_X39Y78         FDCE                                         r  ghost_bd_i/ghost_multi_0/inst/ghost3/s1_los_dir_reg[1]/C
                         clock pessimism              0.263    22.909    
                         clock uncertainty           -0.302    22.607    
    SLICE_X39Y78         FDCE (Setup_fdce_C_D)       -0.067    22.540    ghost_bd_i/ghost_multi_0/inst/ghost3/s1_los_dir_reg[1]
  -------------------------------------------------------------------
                         required time                         22.540    
                         arrival time                         -11.505    
  -------------------------------------------------------------------
                         slack                                 11.035    

Slack (MET) :             11.073ns  (required time - arrival time)
  Source:                 ghost_bd_i/gpio_rover/U0/gpio_core_1/Not_Dual.gpio_Data_Out_reg[3]/C
                            (rising edge-triggered cell FDRE clocked by clk_fpga_0  {rise@0.000ns fall@10.000ns period=20.000ns})
  Destination:            ghost_bd_i/ghost_multi_0/inst/ghost4/s1_los_detected_reg/D
                            (rising edge-triggered cell FDCE clocked by clk_fpga_0  {rise@0.000ns fall@10.000ns period=20.000ns})
  Path Group:             clk_fpga_0
  Path Type:              Setup (Max at Slow Process Corner)
  Requirement:            20.000ns  (clk_fpga_0 rise@20.000ns - clk_fpga_0 rise@0.000ns)
  Data Path Delay:        8.637ns  (logic 1.309ns (15.156%)  route 7.328ns (84.844%))
  Logic Levels:           5  (LUT4=1 LUT5=1 LUT6=3)
  Clock Path Skew:        -0.065ns (DCD - SCD + CPR)
    Destination Clock Delay (DCD):    2.647ns = ( 22.647 - 20.000 ) 
    Source Clock Delay      (SCD):    2.941ns
    Clock Pessimism Removal (CPR):    0.229ns
  Clock Uncertainty:      0.302ns  ((TSJ^2 + TIJ^2)^1/2 + DJ) / 2 + PE
    Total System Jitter     (TSJ):    0.071ns
    Total Input Jitter      (TIJ):    0.600ns
    Discrete Jitter          (DJ):    0.000ns
    Phase Error              (PE):    0.000ns

    Location             Delay type                Incr(ns)  Path(ns)    Netlist Resource(s)
  -------------------------------------------------------------------    -------------------
                         (clock clk_fpga_0 rise edge)
                                                      0.000     0.000 r  
    PS7_X0Y0             PS7                          0.000     0.000 r  ghost_bd_i/processing_system7_0/inst/PS7_i/FCLKCLK[0]
                         net (fo=1, routed)           1.193     1.193    ghost_bd_i/processing_system7_0/inst/FCLK_CLK_unbuffered[0]
    BUFGCTRL_X0Y16       BUFG (Prop_bufg_I_O)         0.101     1.294 r  ghost_bd_i/processing_system7_0/inst/buffer_fclk_clk_0.FCLK_CLK_0_BUFG/O
                         net (fo=1181, routed)        1.647     2.941    ghost_bd_i/gpio_rover/U0/gpio_core_1/s_axi_aclk
    SLICE_X35Y85         FDRE                                         r  ghost_bd_i/gpio_rover/U0/gpio_core_1/Not_Dual.gpio_Data_Out_reg[3]/C
  -------------------------------------------------------------------    -------------------
    SLICE_X35Y85         FDRE (Prop_fdre_C_Q)         0.456     3.397 r  ghost_bd_i/gpio_rover/U0/gpio_core_1/Not_Dual.gpio_Data_Out_reg[3]/Q
                         net (fo=38, routed)          2.475     5.872    ghost_bd_i/ghost_multi_0/inst/ghost4/rover_col[0]
    SLICE_X40Y77         LUT4 (Prop_lut4_I1_O)        0.154     6.026 r  ghost_bd_i/ghost_multi_0/inst/ghost4/s1_los_dir[1]_i_91/O
                         net (fo=8, routed)           2.160     8.186    ghost_bd_i/ghost_multi_0/inst/ghost4/rover_col_3_sn_1
    SLICE_X30Y81         LUT6 (Prop_lut6_I4_O)        0.327     8.513 f  ghost_bd_i/ghost_multi_0/inst/ghost4/s1_los_dir[1]_i_29__2/O
                         net (fo=1, routed)           1.149     9.662    ghost_bd_i/ghost_multi_0/inst/ghost4/s1_los_dir[1]_i_29__2_n_0
    SLICE_X29Y79         LUT6 (Prop_lut6_I1_O)        0.124     9.786 r  ghost_bd_i/ghost_multi_0/inst/ghost4/s1_los_dir[1]_i_6__2/O
                         net (fo=1, routed)           0.847    10.632    ghost_bd_i/ghost_multi_0/inst/ghost4/s1_los_dir[1]_i_6__2_n_0
    SLICE_X31Y79         LUT6 (Prop_lut6_I4_O)        0.124    10.756 r  ghost_bd_i/ghost_multi_0/inst/ghost4/s1_los_dir[1]_i_1__2/O
                         net (fo=2, routed)           0.698    11.454    ghost_bd_i/ghost_multi_0/inst/ghost4/los_dir_comb[1]
    SLICE_X36Y79         LUT5 (Prop_lut5_I0_O)        0.124    11.578 r  ghost_bd_i/ghost_multi_0/inst/ghost4/s1_los_detected_i_1__2/O
                         net (fo=1, routed)           0.000    11.578    ghost_bd_i/ghost_multi_0/inst/ghost4/los_detected_comb
    SLICE_X36Y79         FDCE                                         r  ghost_bd_i/ghost_multi_0/inst/ghost4/s1_los_detected_reg/D
  -------------------------------------------------------------------    -------------------

                         (clock clk_fpga_0 rise edge)
                                                     20.000    20.000 r  
    PS7_X0Y0             PS7                          0.000    20.000 r  ghost_bd_i/processing_system7_0/inst/PS7_i/FCLKCLK[0]
                         net (fo=1, routed)           1.088    21.088    ghost_bd_i/processing_system7_0/inst/FCLK_CLK_unbuffered[0]
    BUFGCTRL_X0Y16       BUFG (Prop_bufg_I_O)         0.091    21.179 r  ghost_bd_i/processing_system7_0/inst/buffer_fclk_clk_0.FCLK_CLK_0_BUFG/O
                         net (fo=1181, routed)        1.468    22.647    ghost_bd_i/ghost_multi_0/inst/ghost4/S_AXI_ACLK
    SLICE_X36Y79         FDCE                                         r  ghost_bd_i/ghost_multi_0/inst/ghost4/s1_los_detected_reg/C
                         clock pessimism              0.229    22.876    
                         clock uncertainty           -0.302    22.574    
    SLICE_X36Y79         FDCE (Setup_fdce_C_D)        0.077    22.651    ghost_bd_i/ghost_multi_0/inst/ghost4/s1_los_detected_reg
  -------------------------------------------------------------------
                         required time                         22.651    
                         arrival time                         -11.578    
  -------------------------------------------------------------------
                         slack                                 11.073    

Slack (MET) :             11.090ns  (required time - arrival time)
  Source:                 ghost_bd_i/processing_system7_0/inst/PS7_i/MAXIGP0ACLK
                            (rising edge-triggered cell PS7 clocked by clk_fpga_0  {rise@0.000ns fall@10.000ns period=20.000ns})
  Destination:            ghost_bd_i/smartconnect_0/inst/s00_entry_pipeline/s00_si_converter/inst/gen_axilite_conv.axilite_conv_inst/ar_addr_d_reg[7]/CE
                            (rising edge-triggered cell FDRE clocked by clk_fpga_0  {rise@0.000ns fall@10.000ns period=20.000ns})
  Path Group:             clk_fpga_0
  Path Type:              Setup (Max at Slow Process Corner)
  Requirement:            20.000ns  (clk_fpga_0 rise@20.000ns - clk_fpga_0 rise@0.000ns)
  Data Path Delay:        8.101ns  (logic 2.445ns (30.183%)  route 5.656ns (69.817%))
  Logic Levels:           6  (LUT2=1 LUT4=2 LUT5=1 LUT6=2)
  Clock Path Skew:        -0.100ns (DCD - SCD + CPR)
    Destination Clock Delay (DCD):    2.702ns = ( 22.702 - 20.000 ) 
    Source Clock Delay      (SCD):    3.031ns
    Clock Pessimism Removal (CPR):    0.229ns
  Clock Uncertainty:      0.302ns  ((TSJ^2 + TIJ^2)^1/2 + DJ) / 2 + PE
    Total System Jitter     (TSJ):    0.071ns
    Total Input Jitter      (TIJ):    0.600ns
    Discrete Jitter          (DJ):    0.000ns
    Phase Error              (PE):    0.000ns

    Location             Delay type                Incr(ns)  Path(ns)    Netlist Resource(s)
  -------------------------------------------------------------------    -------------------
                         (clock clk_fpga_0 rise edge)
                                                      0.000     0.000 r  
    PS7_X0Y0             PS7                          0.000     0.000 r  ghost_bd_i/processing_system7_0/inst/PS7_i/FCLKCLK[0]
                         net (fo=1, routed)           1.193     1.193    ghost_bd_i/processing_system7_0/inst/FCLK_CLK_unbuffered[0]
    BUFGCTRL_X0Y16       BUFG (Prop_bufg_I_O)         0.101     1.294 r  ghost_bd_i/processing_system7_0/inst/buffer_fclk_clk_0.FCLK_CLK_0_BUFG/O
                         net (fo=1181, routed)        1.737     3.031    ghost_bd_i/processing_system7_0/inst/M_AXI_GP0_ACLK
    PS7_X0Y0             PS7                                          r  ghost_bd_i/processing_system7_0/inst/PS7_i/MAXIGP0ACLK
  -------------------------------------------------------------------    -------------------
    PS7_X0Y0             PS7 (Prop_ps7_MAXIGP0ACLK_MAXIGP0ARADDR[22])
                                                      1.438     4.469 r  ghost_bd_i/processing_system7_0/inst/PS7_i/MAXIGP0ARADDR[22]
                         net (fo=5, routed)           1.211     5.680    ghost_bd_i/smartconnect_0/inst/s00_entry_pipeline/s00_mmu/inst/ar_reg_stall/s_axi_araddr[6]
    SLICE_X27Y94         LUT5 (Prop_lut5_I4_O)        0.124     5.804 f  ghost_bd_i/smartconnect_0/inst/s00_entry_pipeline/s00_mmu/inst/ar_reg_stall/m_axi_aruser[5]_INST_0_i_5/O
                         net (fo=2, routed)           0.529     6.332    ghost_bd_i/smartconnect_0/inst/s00_entry_pipeline/s00_mmu/inst/ar_reg_stall/S00_AXI_araddr[23]
    SLICE_X26Y94         LUT6 (Prop_lut6_I5_O)        0.124     6.456 r  ghost_bd_i/smartconnect_0/inst/s00_entry_pipeline/s00_mmu/inst/ar_reg_stall/m_axi_aruser[5]_INST_0_i_2/O
                         net (fo=11, routed)          1.218     7.675    ghost_bd_i/smartconnect_0/inst/s00_entry_pipeline/s00_mmu/inst/sr_axi_aruser[1]
    SLICE_X28Y94         LUT4 (Prop_lut4_I2_O)        0.154     7.829 f  ghost_bd_i/smartconnect_0/inst/s00_entry_pipeline/s00_mmu/inst/m_axi_arvalid_INST_0_i_1/O
                         net (fo=3, routed)           0.423     8.252    ghost_bd_i/smartconnect_0/inst/s00_entry_pipeline/s00_mmu/inst/ar_reg_stall/gen_endpoint.r_trigger_decerr
    SLICE_X29Y94         LUT6 (Prop_lut6_I3_O)        0.327     8.579 r  ghost_bd_i/smartconnect_0/inst/s00_entry_pipeline/s00_mmu/inst/ar_reg_stall/m_axi_arvalid_INST_0/O
                         net (fo=3, routed)           0.638     9.217    ghost_bd_i/smartconnect_0/inst/s00_entry_pipeline/s00_transaction_regulator/inst/gen_endpoint.gen_r_singleorder.r_singleorder/s_axi_arvalid
    SLICE_X31Y95         LUT2 (Prop_lut2_I0_O)        0.124     9.341 r  ghost_bd_i/smartconnect_0/inst/s00_entry_pipeline/s00_transaction_regulator/inst/gen_endpoint.gen_r_singleorder.r_singleorder/m_axi_arvalid_INST_0/O
                         net (fo=11, routed)          1.286    10.626    ghost_bd_i/smartconnect_0/inst/s00_entry_pipeline/s00_si_converter/inst/gen_axilite_conv.axilite_conv_inst/s_axi_arvalid
    SLICE_X28Y90         LUT4 (Prop_lut4_I1_O)        0.154    10.780 r  ghost_bd_i/smartconnect_0/inst/s00_entry_pipeline/s00_si_converter/inst/gen_axilite_conv.axilite_conv_inst/ar_addr_d[8]_i_1/O
                         net (fo=7, routed)           0.351    11.131    ghost_bd_i/smartconnect_0/inst/s00_entry_pipeline/s00_si_converter/inst/gen_axilite_conv.axilite_conv_inst/ar_addr_d[8]_i_1_n_0
    SLICE_X28Y89         FDRE                                         r  ghost_bd_i/smartconnect_0/inst/s00_entry_pipeline/s00_si_converter/inst/gen_axilite_conv.axilite_conv_inst/ar_addr_d_reg[7]/CE
  -------------------------------------------------------------------    -------------------

                         (clock clk_fpga_0 rise edge)
                                                     20.000    20.000 r  
    PS7_X0Y0             PS7                          0.000    20.000 r  ghost_bd_i/processing_system7_0/inst/PS7_i/FCLKCLK[0]
                         net (fo=1, routed)           1.088    21.088    ghost_bd_i/processing_system7_0/inst/FCLK_CLK_unbuffered[0]
    BUFGCTRL_X0Y16       BUFG (Prop_bufg_I_O)         0.091    21.179 r  ghost_bd_i/processing_system7_0/inst/buffer_fclk_clk_0.FCLK_CLK_0_BUFG/O
                         net (fo=1181, routed)        1.523    22.702    ghost_bd_i/smartconnect_0/inst/s00_entry_pipeline/s00_si_converter/inst/gen_axilite_conv.axilite_conv_inst/aclk
    SLICE_X28Y89         FDRE                                         r  ghost_bd_i/smartconnect_0/inst/s00_entry_pipeline/s00_si_converter/inst/gen_axilite_conv.axilite_conv_inst/ar_addr_d_reg[7]/C
                         clock pessimism              0.229    22.931    
                         clock uncertainty           -0.302    22.629    
    SLICE_X28Y89         FDRE (Setup_fdre_C_CE)      -0.408    22.221    ghost_bd_i/smartconnect_0/inst/s00_entry_pipeline/s00_si_converter/inst/gen_axilite_conv.axilite_conv_inst/ar_addr_d_reg[7]
  -------------------------------------------------------------------
                         required time                         22.221    
                         arrival time                         -11.131    
  -------------------------------------------------------------------
                         slack                                 11.090    

Slack (MET) :             11.090ns  (required time - arrival time)
  Source:                 ghost_bd_i/processing_system7_0/inst/PS7_i/MAXIGP0ACLK
                            (rising edge-triggered cell PS7 clocked by clk_fpga_0  {rise@0.000ns fall@10.000ns period=20.000ns})
  Destination:            ghost_bd_i/smartconnect_0/inst/s00_entry_pipeline/s00_si_converter/inst/gen_axilite_conv.axilite_conv_inst/ar_addr_d_reg[8]/CE
                            (rising edge-triggered cell FDRE clocked by clk_fpga_0  {rise@0.000ns fall@10.000ns period=20.000ns})
  Path Group:             clk_fpga_0
  Path Type:              Setup (Max at Slow Process Corner)
  Requirement:            20.000ns  (clk_fpga_0 rise@20.000ns - clk_fpga_0 rise@0.000ns)
  Data Path Delay:        8.101ns  (logic 2.445ns (30.183%)  route 5.656ns (69.817%))
  Logic Levels:           6  (LUT2=1 LUT4=2 LUT5=1 LUT6=2)
  Clock Path Skew:        -0.100ns (DCD - SCD + CPR)
    Destination Clock Delay (DCD):    2.702ns = ( 22.702 - 20.000 ) 
    Source Clock Delay      (SCD):    3.031ns
    Clock Pessimism Removal (CPR):    0.229ns
  Clock Uncertainty:      0.302ns  ((TSJ^2 + TIJ^2)^1/2 + DJ) / 2 + PE
    Total System Jitter     (TSJ):    0.071ns
    Total Input Jitter      (TIJ):    0.600ns
    Discrete Jitter          (DJ):    0.000ns
    Phase Error              (PE):    0.000ns

    Location             Delay type                Incr(ns)  Path(ns)    Netlist Resource(s)
  -------------------------------------------------------------------    -------------------
                         (clock clk_fpga_0 rise edge)
                                                      0.000     0.000 r  
    PS7_X0Y0             PS7                          0.000     0.000 r  ghost_bd_i/processing_system7_0/inst/PS7_i/FCLKCLK[0]
                         net (fo=1, routed)           1.193     1.193    ghost_bd_i/processing_system7_0/inst/FCLK_CLK_unbuffered[0]
    BUFGCTRL_X0Y16       BUFG (Prop_bufg_I_O)         0.101     1.294 r  ghost_bd_i/processing_system7_0/inst/buffer_fclk_clk_0.FCLK_CLK_0_BUFG/O
                         net (fo=1181, routed)        1.737     3.031    ghost_bd_i/processing_system7_0/inst/M_AXI_GP0_ACLK
    PS7_X0Y0             PS7                                          r  ghost_bd_i/processing_system7_0/inst/PS7_i/MAXIGP0ACLK
  -------------------------------------------------------------------    -------------------
    PS7_X0Y0             PS7 (Prop_ps7_MAXIGP0ACLK_MAXIGP0ARADDR[22])
                                                      1.438     4.469 r  ghost_bd_i/processing_system7_0/inst/PS7_i/MAXIGP0ARADDR[22]
                         net (fo=5, routed)           1.211     5.680    ghost_bd_i/smartconnect_0/inst/s00_entry_pipeline/s00_mmu/inst/ar_reg_stall/s_axi_araddr[6]
    SLICE_X27Y94         LUT5 (Prop_lut5_I4_O)        0.124     5.804 f  ghost_bd_i/smartconnect_0/inst/s00_entry_pipeline/s00_mmu/inst/ar_reg_stall/m_axi_aruser[5]_INST_0_i_5/O
                         net (fo=2, routed)           0.529     6.332    ghost_bd_i/smartconnect_0/inst/s00_entry_pipeline/s00_mmu/inst/ar_reg_stall/S00_AXI_araddr[23]
    SLICE_X26Y94         LUT6 (Prop_lut6_I5_O)        0.124     6.456 r  ghost_bd_i/smartconnect_0/inst/s00_entry_pipeline/s00_mmu/inst/ar_reg_stall/m_axi_aruser[5]_INST_0_i_2/O
                         net (fo=11, routed)          1.218     7.675    ghost_bd_i/smartconnect_0/inst/s00_entry_pipeline/s00_mmu/inst/sr_axi_aruser[1]
    SLICE_X28Y94         LUT4 (Prop_lut4_I2_O)        0.154     7.829 f  ghost_bd_i/smartconnect_0/inst/s00_entry_pipeline/s00_mmu/inst/m_axi_arvalid_INST_0_i_1/O
                         net (fo=3, routed)           0.423     8.252    ghost_bd_i/smartconnect_0/inst/s00_entry_pipeline/s00_mmu/inst/ar_reg_stall/gen_endpoint.r_trigger_decerr
    SLICE_X29Y94         LUT6 (Prop_lut6_I3_O)        0.327     8.579 r  ghost_bd_i/smartconnect_0/inst/s00_entry_pipeline/s00_mmu/inst/ar_reg_stall/m_axi_arvalid_INST_0/O
                         net (fo=3, routed)           0.638     9.217    ghost_bd_i/smartconnect_0/inst/s00_entry_pipeline/s00_transaction_regulator/inst/gen_endpoint.gen_r_singleorder.r_singleorder/s_axi_arvalid
    SLICE_X31Y95         LUT2 (Prop_lut2_I0_O)        0.124     9.341 r  ghost_bd_i/smartconnect_0/inst/s00_entry_pipeline/s00_transaction_regulator/inst/gen_endpoint.gen_r_singleorder.r_singleorder/m_axi_arvalid_INST_0/O
                         net (fo=11, routed)          1.286    10.626    ghost_bd_i/smartconnect_0/inst/s00_entry_pipeline/s00_si_converter/inst/gen_axilite_conv.axilite_conv_inst/s_axi_arvalid
    SLICE_X28Y90         LUT4 (Prop_lut4_I1_O)        0.154    10.780 r  ghost_bd_i/smartconnect_0/inst/s00_entry_pipeline/s00_si_converter/inst/gen_axilite_conv.axilite_conv_inst/ar_addr_d[8]_i_1/O
                         net (fo=7, routed)           0.351    11.131    ghost_bd_i/smartconnect_0/inst/s00_entry_pipeline/s00_si_converter/inst/gen_axilite_conv.axilite_conv_inst/ar_addr_d[8]_i_1_n_0
    SLICE_X28Y89         FDRE                                         r  ghost_bd_i/smartconnect_0/inst/s00_entry_pipeline/s00_si_converter/inst/gen_axilite_conv.axilite_conv_inst/ar_addr_d_reg[8]/CE
  -------------------------------------------------------------------    -------------------

                         (clock clk_fpga_0 rise edge)
                                                     20.000    20.000 r  
    PS7_X0Y0             PS7                          0.000    20.000 r  ghost_bd_i/processing_system7_0/inst/PS7_i/FCLKCLK[0]
                         net (fo=1, routed)           1.088    21.088    ghost_bd_i/processing_system7_0/inst/FCLK_CLK_unbuffered[0]
    BUFGCTRL_X0Y16       BUFG (Prop_bufg_I_O)         0.091    21.179 r  ghost_bd_i/processing_system7_0/inst/buffer_fclk_clk_0.FCLK_CLK_0_BUFG/O
                         net (fo=1181, routed)        1.523    22.702    ghost_bd_i/smartconnect_0/inst/s00_entry_pipeline/s00_si_converter/inst/gen_axilite_conv.axilite_conv_inst/aclk
    SLICE_X28Y89         FDRE                                         r  ghost_bd_i/smartconnect_0/inst/s00_entry_pipeline/s00_si_converter/inst/gen_axilite_conv.axilite_conv_inst/ar_addr_d_reg[8]/C
                         clock pessimism              0.229    22.931    
                         clock uncertainty           -0.302    22.629    
    SLICE_X28Y89         FDRE (Setup_fdre_C_CE)      -0.408    22.221    ghost_bd_i/smartconnect_0/inst/s00_entry_pipeline/s00_si_converter/inst/gen_axilite_conv.axilite_conv_inst/ar_addr_d_reg[8]
  -------------------------------------------------------------------
                         required time                         22.221    
                         arrival time                         -11.131    
  -------------------------------------------------------------------
                         slack                                 11.090    





Min Delay Paths
--------------------------------------------------------------------------------------
Slack (MET) :             0.087ns  (arrival time - required time)
  Source:                 ghost_bd_i/ghost_multi_0/inst/ghost2/direction_reg[1]/C
                            (rising edge-triggered cell FDCE clocked by clk_fpga_0  {rise@0.000ns fall@10.000ns period=20.000ns})
  Destination:            ghost_bd_i/ghost_multi_0/inst/ghost2/s2_facing_reg[1]/D
                            (rising edge-triggered cell FDCE clocked by clk_fpga_0  {rise@0.000ns fall@10.000ns period=20.000ns})
  Path Group:             clk_fpga_0
  Path Type:              Hold (Min at Fast Process Corner)
  Requirement:            0.000ns  (clk_fpga_0 rise@0.000ns - clk_fpga_0 rise@0.000ns)
  Data Path Delay:        0.393ns  (logic 0.141ns (35.902%)  route 0.252ns (64.098%))
  Logic Levels:           0  
  Clock Path Skew:        0.253ns (DCD - SCD - CPR)
    Destination Clock Delay (DCD):    1.170ns
    Source Clock Delay      (SCD):    0.882ns
    Clock Pessimism Removal (CPR):    0.035ns

    Location             Delay type                Incr(ns)  Path(ns)    Netlist Resource(s)
  -------------------------------------------------------------------    -------------------
                         (clock clk_fpga_0 rise edge)
                                                      0.000     0.000 r  
    PS7_X0Y0             PS7                          0.000     0.000 r  ghost_bd_i/processing_system7_0/inst/PS7_i/FCLKCLK[0]
                         net (fo=1, routed)           0.310     0.310    ghost_bd_i/processing_system7_0/inst/FCLK_CLK_unbuffered[0]
    BUFGCTRL_X0Y16       BUFG (Prop_bufg_I_O)         0.026     0.336 r  ghost_bd_i/processing_system7_0/inst/buffer_fclk_clk_0.FCLK_CLK_0_BUFG/O
                         net (fo=1181, routed)        0.546     0.882    ghost_bd_i/ghost_multi_0/inst/ghost2/S_AXI_ACLK
    SLICE_X45Y78         FDCE                                         r  ghost_bd_i/ghost_multi_0/inst/ghost2/direction_reg[1]/C
  -------------------------------------------------------------------    -------------------
    SLICE_X45Y78         FDCE (Prop_fdce_C_Q)         0.141     1.023 r  ghost_bd_i/ghost_multi_0/inst/ghost2/direction_reg[1]/Q
                         net (fo=3, routed)           0.252     1.274    ghost_bd_i/ghost_multi_0/inst/ghost2/D[1]
    SLICE_X50Y74         FDCE                                         r  ghost_bd_i/ghost_multi_0/inst/ghost2/s2_facing_reg[1]/D
  -------------------------------------------------------------------    -------------------

                         (clock clk_fpga_0 rise edge)
                                                      0.000     0.000 r  
    PS7_X0Y0             PS7                          0.000     0.000 r  ghost_bd_i/processing_system7_0/inst/PS7_i/FCLKCLK[0]
                         net (fo=1, routed)           0.337     0.337    ghost_bd_i/processing_system7_0/inst/FCLK_CLK_unbuffered[0]
    BUFGCTRL_X0Y16       BUFG (Prop_bufg_I_O)         0.029     0.366 r  ghost_bd_i/processing_system7_0/inst/buffer_fclk_clk_0.FCLK_CLK_0_BUFG/O
                         net (fo=1181, routed)        0.804     1.170    ghost_bd_i/ghost_multi_0/inst/ghost2/S_AXI_ACLK
    SLICE_X50Y74         FDCE                                         r  ghost_bd_i/ghost_multi_0/inst/ghost2/s2_facing_reg[1]/C
                         clock pessimism             -0.035     1.135    
    SLICE_X50Y74         FDCE (Hold_fdce_C_D)         0.052     1.187    ghost_bd_i/ghost_multi_0/inst/ghost2/s2_facing_reg[1]
  -------------------------------------------------------------------
                         required time                         -1.187    
                         arrival time                           1.274    
  -------------------------------------------------------------------
                         slack                                  0.087    

Slack (MET) :             0.105ns  (arrival time - required time)
  Source:                 ghost_bd_i/smartconnect_0/inst/switchboards/i_nodes/i_aw_node/inst/inst_mi_handler/m_sc_areset_r_reg/C
                            (rising edge-triggered cell FDRE clocked by clk_fpga_0  {rise@0.000ns fall@10.000ns period=20.000ns})
  Destination:            ghost_bd_i/smartconnect_0/inst/switchboards/i_nodes/i_aw_node/inst/inst_mi_handler/gen_normal_area.inst_fifo_node_payld/gen_reg_fifo.inst_reg_fifo/gen_single_rank.empty_r_reg/D
                            (rising edge-triggered cell FDRE clocked by clk_fpga_0  {rise@0.000ns fall@10.000ns period=20.000ns})
  Path Group:             clk_fpga_0
  Path Type:              Hold (Min at Fast Process Corner)
  Requirement:            0.000ns  (clk_fpga_0 rise@0.000ns - clk_fpga_0 rise@0.000ns)
  Data Path Delay:        0.407ns  (logic 0.209ns (51.414%)  route 0.198ns (48.586%))
  Logic Levels:           1  (LUT6=1)
  Clock Path Skew:        0.181ns (DCD - SCD - CPR)
    Destination Clock Delay (DCD):    1.191ns
    Source Clock Delay      (SCD):    0.975ns
    Clock Pessimism Removal (CPR):    0.035ns

    Location             Delay type                Incr(ns)  Path(ns)    Netlist Resource(s)
  -------------------------------------------------------------------    -------------------
                         (clock clk_fpga_0 rise edge)
                                                      0.000     0.000 r  
    PS7_X0Y0             PS7                          0.000     0.000 r  ghost_bd_i/processing_system7_0/inst/PS7_i/FCLKCLK[0]
                         net (fo=1, routed)           0.310     0.310    ghost_bd_i/processing_system7_0/inst/FCLK_CLK_unbuffered[0]
    BUFGCTRL_X0Y16       BUFG (Prop_bufg_I_O)         0.026     0.336 r  ghost_bd_i/processing_system7_0/inst/buffer_fclk_clk_0.FCLK_CLK_0_BUFG/O
                         net (fo=1181, routed)        0.639     0.975    ghost_bd_i/smartconnect_0/inst/switchboards/i_nodes/i_aw_node/inst/inst_mi_handler/s_sc_aclk
    SLICE_X36Y101        FDRE                                         r  ghost_bd_i/smartconnect_0/inst/switchboards/i_nodes/i_aw_node/inst/inst_mi_handler/m_sc_areset_r_reg/C
  -------------------------------------------------------------------    -------------------
    SLICE_X36Y101        FDRE (Prop_fdre_C_Q)         0.164     1.139 r  ghost_bd_i/smartconnect_0/inst/switchboards/i_nodes/i_aw_node/inst/inst_mi_handler/m_sc_areset_r_reg/Q
                         net (fo=1, routed)           0.198     1.337    ghost_bd_i/smartconnect_0/inst/switchboards/i_nodes/i_aw_node/inst/inst_mi_handler/gen_normal_area.inst_fifo_node_payld/gen_reg_fifo.inst_reg_fifo/gen_single_rank.inst_cntr/m_sc_areset_r
    SLICE_X38Y99         LUT6 (Prop_lut6_I5_O)        0.045     1.382 r  ghost_bd_i/smartconnect_0/inst/switchboards/i_nodes/i_aw_node/inst/inst_mi_handler/gen_normal_area.inst_fifo_node_payld/gen_reg_fifo.inst_reg_fifo/gen_single_rank.inst_cntr/gen_single_rank.empty_r_i_1/O
                         net (fo=1, routed)           0.000     1.382    ghost_bd_i/smartconnect_0/inst/switchboards/i_nodes/i_aw_node/inst/inst_mi_handler/gen_normal_area.inst_fifo_node_payld/gen_reg_fifo.inst_reg_fifo/gen_single_rank.inst_cntr_n_1
    SLICE_X38Y99         FDRE                                         r  ghost_bd_i/smartconnect_0/inst/switchboards/i_nodes/i_aw_node/inst/inst_mi_handler/gen_normal_area.inst_fifo_node_payld/gen_reg_fifo.inst_reg_fifo/gen_single_rank.empty_r_reg/D
  -------------------------------------------------------------------    -------------------

                         (clock clk_fpga_0 rise edge)
                                                      0.000     0.000 r  
    PS7_X0Y0             PS7                          0.000     0.000 r  ghost_bd_i/processing_system7_0/inst/PS7_i/FCLKCLK[0]
                         net (fo=1, routed)           0.337     0.337    ghost_bd_i/processing_system7_0/inst/FCLK_CLK_unbuffered[0]
    BUFGCTRL_X0Y16       BUFG (Prop_bufg_I_O)         0.029     0.366 r  ghost_bd_i/processing_system7_0/inst/buffer_fclk_clk_0.FCLK_CLK_0_BUFG/O
                         net (fo=1181, routed)        0.825     1.191    ghost_bd_i/smartconnect_0/inst/switchboards/i_nodes/i_aw_node/inst/inst_mi_handler/gen_normal_area.inst_fifo_node_payld/gen_reg_fifo.inst_reg_fifo/s_sc_aclk
    SLICE_X38Y99         FDRE                                         r  ghost_bd_i/smartconnect_0/inst/switchboards/i_nodes/i_aw_node/inst/inst_mi_handler/gen_normal_area.inst_fifo_node_payld/gen_reg_fifo.inst_reg_fifo/gen_single_rank.empty_r_reg/C
                         clock pessimism             -0.035     1.156    
    SLICE_X38Y99         FDRE (Hold_fdre_C_D)         0.121     1.277    ghost_bd_i/smartconnect_0/inst/switchboards/i_nodes/i_aw_node/inst/inst_mi_handler/gen_normal_area.inst_fifo_node_payld/gen_reg_fifo.inst_reg_fifo/gen_single_rank.empty_r_reg
  -------------------------------------------------------------------
                         required time                         -1.277    
                         arrival time                           1.382    
  -------------------------------------------------------------------
                         slack                                  0.105    

Slack (MET) :             0.111ns  (arrival time - required time)
  Source:                 ghost_bd_i/ghost_multi_0/inst/ghost1/pipe_en_reg[1]/C
                            (rising edge-triggered cell FDCE clocked by clk_fpga_0  {rise@0.000ns fall@10.000ns period=20.000ns})
  Destination:            ghost_bd_i/ghost_multi_0/inst/ghost2/s2_can_left_reg/CE
                            (rising edge-triggered cell FDCE clocked by clk_fpga_0  {rise@0.000ns fall@10.000ns period=20.000ns})
  Path Group:             clk_fpga_0
  Path Type:              Hold (Min at Fast Process Corner)
  Requirement:            0.000ns  (clk_fpga_0 rise@0.000ns - clk_fpga_0 rise@0.000ns)
  Data Path Delay:        0.330ns  (logic 0.141ns (42.741%)  route 0.189ns (57.259%))
  Logic Levels:           0  
  Clock Path Skew:        0.258ns (DCD - SCD - CPR)
    Destination Clock Delay (DCD):    1.174ns
    Source Clock Delay      (SCD):    0.881ns
    Clock Pessimism Removal (CPR):    0.035ns

    Location             Delay type                Incr(ns)  Path(ns)    Netlist Resource(s)
  -------------------------------------------------------------------    -------------------
                         (clock clk_fpga_0 rise edge)
                                                      0.000     0.000 r  
    PS7_X0Y0             PS7                          0.000     0.000 r  ghost_bd_i/processing_system7_0/inst/PS7_i/FCLKCLK[0]
                         net (fo=1, routed)           0.310     0.310    ghost_bd_i/processing_system7_0/inst/FCLK_CLK_unbuffered[0]
    BUFGCTRL_X0Y16       BUFG (Prop_bufg_I_O)         0.026     0.336 r  ghost_bd_i/processing_system7_0/inst/buffer_fclk_clk_0.FCLK_CLK_0_BUFG/O
                         net (fo=1181, routed)        0.545     0.881    ghost_bd_i/ghost_multi_0/inst/ghost1/S_AXI_ACLK
    SLICE_X49Y72         FDCE                                         r  ghost_bd_i/ghost_multi_0/inst/ghost1/pipe_en_reg[1]/C
  -------------------------------------------------------------------    -------------------
    SLICE_X49Y72         FDCE (Prop_fdce_C_Q)         0.141     1.022 r  ghost_bd_i/ghost_multi_0/inst/ghost1/pipe_en_reg[1]/Q
                         net (fo=37, routed)          0.189     1.210    ghost_bd_i/ghost_multi_0/inst/ghost2/E[0]
    SLICE_X51Y71         FDCE                                         r  ghost_bd_i/ghost_multi_0/inst/ghost2/s2_can_left_reg/CE
  -------------------------------------------------------------------    -------------------

                         (clock clk_fpga_0 rise edge)
                                                      0.000     0.000 r  
    PS7_X0Y0             PS7                          0.000     0.000 r  ghost_bd_i/processing_system7_0/inst/PS7_i/FCLKCLK[0]
                         net (fo=1, routed)           0.337     0.337    ghost_bd_i/processing_system7_0/inst/FCLK_CLK_unbuffered[0]
    BUFGCTRL_X0Y16       BUFG (Prop_bufg_I_O)         0.029     0.366 r  ghost_bd_i/processing_system7_0/inst/buffer_fclk_clk_0.FCLK_CLK_0_BUFG/O
                         net (fo=1181, routed)        0.808     1.174    ghost_bd_i/ghost_multi_0/inst/ghost2/S_AXI_ACLK
    SLICE_X51Y71         FDCE                                         r  ghost_bd_i/ghost_multi_0/inst/ghost2/s2_can_left_reg/C
                         clock pessimism             -0.035     1.139    
    SLICE_X51Y71         FDCE (Hold_fdce_C_CE)       -0.039     1.100    ghost_bd_i/ghost_multi_0/inst/ghost2/s2_can_left_reg
  -------------------------------------------------------------------
                         required time                         -1.100    
                         arrival time                           1.210    
  -------------------------------------------------------------------
                         slack                                  0.111    

Slack (MET) :             0.116ns  (arrival time - required time)
  Source:                 ghost_bd_i/smartconnect_0/inst/s00_entry_pipeline/s00_si_converter/inst/gen_axilite_conv.axilite_conv_inst/FSM_sequential_w_state_reg[2]/C
                            (rising edge-triggered cell FDRE clocked by clk_fpga_0  {rise@0.000ns fall@10.000ns period=20.000ns})
  Destination:            ghost_bd_i/smartconnect_0/inst/s00_entry_pipeline/s00_si_converter/inst/gen_axilite_conv.axilite_conv_inst/aw_addr_reg[3]/D
                            (rising edge-triggered cell FDRE clocked by clk_fpga_0  {rise@0.000ns fall@10.000ns period=20.000ns})
  Path Group:             clk_fpga_0
  Path Type:              Hold (Min at Fast Process Corner)
  Requirement:            0.000ns  (clk_fpga_0 rise@0.000ns - clk_fpga_0 rise@0.000ns)
  Data Path Delay:        0.418ns  (logic 0.186ns (44.459%)  route 0.232ns (55.541%))
  Logic Levels:           1  (LUT6=1)
  Clock Path Skew:        0.181ns (DCD - SCD - CPR)
    Destination Clock Delay (DCD):    1.211ns
    Source Clock Delay      (SCD):    0.995ns
    Clock Pessimism Removal (CPR):    0.035ns

    Location             Delay type                Incr(ns)  Path(ns)    Netlist Resource(s)
  -------------------------------------------------------------------    -------------------
                         (clock clk_fpga_0 rise edge)
                                                      0.000     0.000 r  
    PS7_X0Y0             PS7                          0.000     0.000 r  ghost_bd_i/processing_system7_0/inst/PS7_i/FCLKCLK[0]
                         net (fo=1, routed)           0.310     0.310    ghost_bd_i/processing_system7_0/inst/FCLK_CLK_unbuffered[0]
    BUFGCTRL_X0Y16       BUFG (Prop_bufg_I_O)         0.026     0.336 r  ghost_bd_i/processing_system7_0/inst/buffer_fclk_clk_0.FCLK_CLK_0_BUFG/O
                         net (fo=1181, routed)        0.659     0.995    ghost_bd_i/smartconnect_0/inst/s00_entry_pipeline/s00_si_converter/inst/gen_axilite_conv.axilite_conv_inst/aclk
    SLICE_X29Y101        FDRE                                         r  ghost_bd_i/smartconnect_0/inst/s00_entry_pipeline/s00_si_converter/inst/gen_axilite_conv.axilite_conv_inst/FSM_sequential_w_state_reg[2]/C
  -------------------------------------------------------------------    -------------------
    SLICE_X29Y101        FDRE (Prop_fdre_C_Q)         0.141     1.136 f  ghost_bd_i/smartconnect_0/inst/s00_entry_pipeline/s00_si_converter/inst/gen_axilite_conv.axilite_conv_inst/FSM_sequential_w_state_reg[2]/Q
                         net (fo=28, routed)          0.232     1.368    ghost_bd_i/smartconnect_0/inst/s00_entry_pipeline/s00_si_converter/inst/gen_axilite_conv.axilite_conv_inst/w_state__0[2]
    SLICE_X30Y99         LUT6 (Prop_lut6_I4_O)        0.045     1.413 r  ghost_bd_i/smartconnect_0/inst/s00_entry_pipeline/s00_si_converter/inst/gen_axilite_conv.axilite_conv_inst/aw_addr[3]_i_1/O
                         net (fo=1, routed)           0.000     1.413    ghost_bd_i/smartconnect_0/inst/s00_entry_pipeline/s00_si_converter/inst/gen_axilite_conv.axilite_conv_inst/aw_addr[3]
    SLICE_X30Y99         FDRE                                         r  ghost_bd_i/smartconnect_0/inst/s00_entry_pipeline/s00_si_converter/inst/gen_axilite_conv.axilite_conv_inst/aw_addr_reg[3]/D
  -------------------------------------------------------------------    -------------------

                         (clock clk_fpga_0 rise edge)
                                                      0.000     0.000 r  
    PS7_X0Y0             PS7                          0.000     0.000 r  ghost_bd_i/processing_system7_0/inst/PS7_i/FCLKCLK[0]
                         net (fo=1, routed)           0.337     0.337    ghost_bd_i/processing_system7_0/inst/FCLK_CLK_unbuffered[0]
    BUFGCTRL_X0Y16       BUFG (Prop_bufg_I_O)         0.029     0.366 r  ghost_bd_i/processing_system7_0/inst/buffer_fclk_clk_0.FCLK_CLK_0_BUFG/O
                         net (fo=1181, routed)        0.845     1.211    ghost_bd_i/smartconnect_0/inst/s00_entry_pipeline/s00_si_converter/inst/gen_axilite_conv.axilite_conv_inst/aclk
    SLICE_X30Y99         FDRE                                         r  ghost_bd_i/smartconnect_0/inst/s00_entry_pipeline/s00_si_converter/inst/gen_axilite_conv.axilite_conv_inst/aw_addr_reg[3]/C
                         clock pessimism             -0.035     1.176    
    SLICE_X30Y99         FDRE (Hold_fdre_C_D)         0.121     1.297    ghost_bd_i/smartconnect_0/inst/s00_entry_pipeline/s00_si_converter/inst/gen_axilite_conv.axilite_conv_inst/aw_addr_reg[3]
  -------------------------------------------------------------------
                         required time                         -1.297    
                         arrival time                           1.413    
  -------------------------------------------------------------------
                         slack                                  0.116    

Slack (MET) :             0.119ns  (arrival time - required time)
  Source:                 ghost_bd_i/smartconnect_0/inst/s00_entry_pipeline/s00_si_converter/inst/gen_axilite_conv.axilite_conv_inst/FSM_sequential_w_state_reg[2]/C
                            (rising edge-triggered cell FDRE clocked by clk_fpga_0  {rise@0.000ns fall@10.000ns period=20.000ns})
  Destination:            ghost_bd_i/smartconnect_0/inst/s00_entry_pipeline/s00_si_converter/inst/gen_axilite_conv.axilite_conv_inst/aw_addr_reg[2]/D
                            (rising edge-triggered cell FDRE clocked by clk_fpga_0  {rise@0.000ns fall@10.000ns period=20.000ns})
  Path Group:             clk_fpga_0
  Path Type:              Hold (Min at Fast Process Corner)
  Requirement:            0.000ns  (clk_fpga_0 rise@0.000ns - clk_fpga_0 rise@0.000ns)
  Data Path Delay:        0.420ns  (logic 0.186ns (44.247%)  route 0.234ns (55.753%))
  Logic Levels:           1  (LUT6=1)
  Clock Path Skew:        0.181ns (DCD - SCD - CPR)
    Destination Clock Delay (DCD):    1.211ns
    Source Clock Delay      (SCD):    0.995ns
    Clock Pessimism Removal (CPR):    0.035ns

    Location             Delay type                Incr(ns)  Path(ns)    Netlist Resource(s)
  -------------------------------------------------------------------    -------------------
                         (clock clk_fpga_0 rise edge)
                                                      0.000     0.000 r  
    PS7_X0Y0             PS7                          0.000     0.000 r  ghost_bd_i/processing_system7_0/inst/PS7_i/FCLKCLK[0]
                         net (fo=1, routed)           0.310     0.310    ghost_bd_i/processing_system7_0/inst/FCLK_CLK_unbuffered[0]
    BUFGCTRL_X0Y16       BUFG (Prop_bufg_I_O)         0.026     0.336 r  ghost_bd_i/processing_system7_0/inst/buffer_fclk_clk_0.FCLK_CLK_0_BUFG/O
                         net (fo=1181, routed)        0.659     0.995    ghost_bd_i/smartconnect_0/inst/s00_entry_pipeline/s00_si_converter/inst/gen_axilite_conv.axilite_conv_inst/aclk
    SLICE_X29Y101        FDRE                                         r  ghost_bd_i/smartconnect_0/inst/s00_entry_pipeline/s00_si_converter/inst/gen_axilite_conv.axilite_conv_inst/FSM_sequential_w_state_reg[2]/C
  -------------------------------------------------------------------    -------------------
    SLICE_X29Y101        FDRE (Prop_fdre_C_Q)         0.141     1.136 f  ghost_bd_i/smartconnect_0/inst/s00_entry_pipeline/s00_si_converter/inst/gen_axilite_conv.axilite_conv_inst/FSM_sequential_w_state_reg[2]/Q
                         net (fo=28, routed)          0.234     1.370    ghost_bd_i/smartconnect_0/inst/s00_entry_pipeline/s00_si_converter/inst/gen_axilite_conv.axilite_conv_inst/w_state__0[2]
    SLICE_X30Y99         LUT6 (Prop_lut6_I4_O)        0.045     1.415 r  ghost_bd_i/smartconnect_0/inst/s00_entry_pipeline/s00_si_converter/inst/gen_axilite_conv.axilite_conv_inst/aw_addr[2]_i_1/O
                         net (fo=1, routed)           0.000     1.415    ghost_bd_i/smartconnect_0/inst/s00_entry_pipeline/s00_si_converter/inst/gen_axilite_conv.axilite_conv_inst/aw_addr[2]
    SLICE_X30Y99         FDRE                                         r  ghost_bd_i/smartconnect_0/inst/s00_entry_pipeline/s00_si_converter/inst/gen_axilite_conv.axilite_conv_inst/aw_addr_reg[2]/D
  -------------------------------------------------------------------    -------------------

                         (clock clk_fpga_0 rise edge)
                                                      0.000     0.000 r  
    PS7_X0Y0             PS7                          0.000     0.000 r  ghost_bd_i/processing_system7_0/inst/PS7_i/FCLKCLK[0]
                         net (fo=1, routed)           0.337     0.337    ghost_bd_i/processing_system7_0/inst/FCLK_CLK_unbuffered[0]
    BUFGCTRL_X0Y16       BUFG (Prop_bufg_I_O)         0.029     0.366 r  ghost_bd_i/processing_system7_0/inst/buffer_fclk_clk_0.FCLK_CLK_0_BUFG/O
                         net (fo=1181, routed)        0.845     1.211    ghost_bd_i/smartconnect_0/inst/s00_entry_pipeline/s00_si_converter/inst/gen_axilite_conv.axilite_conv_inst/aclk
    SLICE_X30Y99         FDRE                                         r  ghost_bd_i/smartconnect_0/inst/s00_entry_pipeline/s00_si_converter/inst/gen_axilite_conv.axilite_conv_inst/aw_addr_reg[2]/C
                         clock pessimism             -0.035     1.176    
    SLICE_X30Y99         FDRE (Hold_fdre_C_D)         0.120     1.296    ghost_bd_i/smartconnect_0/inst/s00_entry_pipeline/s00_si_converter/inst/gen_axilite_conv.axilite_conv_inst/aw_addr_reg[2]
  -------------------------------------------------------------------
                         required time                         -1.296    
                         arrival time                           1.415    
  -------------------------------------------------------------------
                         slack                                  0.119    

Slack (MET) :             0.122ns  (arrival time - required time)
  Source:                 ghost_bd_i/smartconnect_0/inst/m00_nodes/m00_ar_node/inst/s_sc_xpm_cdc_async_rst_inst/arststages_ff_reg[0]/C
                            (rising edge-triggered cell FDCE clocked by clk_fpga_0  {rise@0.000ns fall@10.000ns period=20.000ns})
  Destination:            ghost_bd_i/smartconnect_0/inst/m00_nodes/m00_ar_node/inst/s_sc_xpm_cdc_async_rst_inst/arststages_ff_reg[1]/D
                            (rising edge-triggered cell FDCE clocked by clk_fpga_0  {rise@0.000ns fall@10.000ns period=20.000ns})
  Path Group:             clk_fpga_0
  Path Type:              Hold (Min at Fast Process Corner)
  Requirement:            0.000ns  (clk_fpga_0 rise@0.000ns - clk_fpga_0 rise@0.000ns)
  Data Path Delay:        0.197ns  (logic 0.141ns (71.611%)  route 0.056ns (28.389%))
  Logic Levels:           0  
  Clock Path Skew:        0.000ns (DCD - SCD - CPR)
    Destination Clock Delay (DCD):    1.189ns
    Source Clock Delay      (SCD):    0.890ns
    Clock Pessimism Removal (CPR):    0.299ns

    Location             Delay type                Incr(ns)  Path(ns)    Netlist Resource(s)
  -------------------------------------------------------------------    -------------------
                         (clock clk_fpga_0 rise edge)
                                                      0.000     0.000 r  
    PS7_X0Y0             PS7                          0.000     0.000 r  ghost_bd_i/processing_system7_0/inst/PS7_i/FCLKCLK[0]
                         net (fo=1, routed)           0.310     0.310    ghost_bd_i/processing_system7_0/inst/FCLK_CLK_unbuffered[0]
    BUFGCTRL_X0Y16       BUFG (Prop_bufg_I_O)         0.026     0.336 r  ghost_bd_i/processing_system7_0/inst/buffer_fclk_clk_0.FCLK_CLK_0_BUFG/O
                         net (fo=1181, routed)        0.554     0.890    ghost_bd_i/smartconnect_0/inst/m00_nodes/m00_ar_node/inst/s_sc_xpm_cdc_async_rst_inst/dest_clk
    SLICE_X49Y92         FDCE                                         r  ghost_bd_i/smartconnect_0/inst/m00_nodes/m00_ar_node/inst/s_sc_xpm_cdc_async_rst_inst/arststages_ff_reg[0]/C
  -------------------------------------------------------------------    -------------------
    SLICE_X49Y92         FDCE (Prop_fdce_C_Q)         0.141     1.031 r  ghost_bd_i/smartconnect_0/inst/m00_nodes/m00_ar_node/inst/s_sc_xpm_cdc_async_rst_inst/arststages_ff_reg[0]/Q
                         net (fo=1, routed)           0.056     1.086    ghost_bd_i/smartconnect_0/inst/m00_nodes/m00_ar_node/inst/s_sc_xpm_cdc_async_rst_inst/arststages_ff[0]
    SLICE_X49Y92         FDCE                                         r  ghost_bd_i/smartconnect_0/inst/m00_nodes/m00_ar_node/inst/s_sc_xpm_cdc_async_rst_inst/arststages_ff_reg[1]/D
  -------------------------------------------------------------------    -------------------

                         (clock clk_fpga_0 rise edge)
                                                      0.000     0.000 r  
    PS7_X0Y0             PS7                          0.000     0.000 r  ghost_bd_i/processing_system7_0/inst/PS7_i/FCLKCLK[0]
                         net (fo=1, routed)           0.337     0.337    ghost_bd_i/processing_system7_0/inst/FCLK_CLK_unbuffered[0]
    BUFGCTRL_X0Y16       BUFG (Prop_bufg_I_O)         0.029     0.366 r  ghost_bd_i/processing_system7_0/inst/buffer_fclk_clk_0.FCLK_CLK_0_BUFG/O
                         net (fo=1181, routed)        0.823     1.189    ghost_bd_i/smartconnect_0/inst/m00_nodes/m00_ar_node/inst/s_sc_xpm_cdc_async_rst_inst/dest_clk
    SLICE_X49Y92         FDCE                                         r  ghost_bd_i/smartconnect_0/inst/m00_nodes/m00_ar_node/inst/s_sc_xpm_cdc_async_rst_inst/arststages_ff_reg[1]/C
                         clock pessimism             -0.299     0.890    
    SLICE_X49Y92         FDCE (Hold_fdce_C_D)         0.075     0.965    ghost_bd_i/smartconnect_0/inst/m00_nodes/m00_ar_node/inst/s_sc_xpm_cdc_async_rst_inst/arststages_ff_reg[1]
  -------------------------------------------------------------------
                         required time                         -0.965    
                         arrival time                           1.086    
  -------------------------------------------------------------------
                         slack                                  0.122    

Slack (MET) :             0.122ns  (arrival time - required time)
  Source:                 ghost_bd_i/smartconnect_0/inst/s00_entry_pipeline/s00_transaction_regulator/inst/xpm_cdc_async_rst_inst/arststages_ff_reg[0]/C
                            (rising edge-triggered cell FDCE clocked by clk_fpga_0  {rise@0.000ns fall@10.000ns period=20.000ns})
  Destination:            ghost_bd_i/smartconnect_0/inst/s00_entry_pipeline/s00_transaction_regulator/inst/xpm_cdc_async_rst_inst/arststages_ff_reg[1]/D
                            (rising edge-triggered cell FDCE clocked by clk_fpga_0  {rise@0.000ns fall@10.000ns period=20.000ns})
  Path Group:             clk_fpga_0
  Path Type:              Hold (Min at Fast Process Corner)
  Requirement:            0.000ns  (clk_fpga_0 rise@0.000ns - clk_fpga_0 rise@0.000ns)
  Data Path Delay:        0.197ns  (logic 0.141ns (71.611%)  route 0.056ns (28.389%))
  Logic Levels:           0  
  Clock Path Skew:        0.000ns (DCD - SCD - CPR)
    Destination Clock Delay (DCD):    1.192ns
    Source Clock Delay      (SCD):    0.895ns
    Clock Pessimism Removal (CPR):    0.297ns

    Location             Delay type                Incr(ns)  Path(ns)    Netlist Resource(s)
  -------------------------------------------------------------------    -------------------
                         (clock clk_fpga_0 rise edge)
                                                      0.000     0.000 r  
    PS7_X0Y0             PS7                          0.000     0.000 r  ghost_bd_i/processing_system7_0/inst/PS7_i/FCLKCLK[0]
                         net (fo=1, routed)           0.310     0.310    ghost_bd_i/processing_system7_0/inst/FCLK_CLK_unbuffered[0]
    BUFGCTRL_X0Y16       BUFG (Prop_bufg_I_O)         0.026     0.336 r  ghost_bd_i/processing_system7_0/inst/buffer_fclk_clk_0.FCLK_CLK_0_BUFG/O
                         net (fo=1181, routed)        0.559     0.895    ghost_bd_i/smartconnect_0/inst/s00_entry_pipeline/s00_transaction_regulator/inst/xpm_cdc_async_rst_inst/dest_clk
    SLICE_X35Y99         FDCE                                         r  ghost_bd_i/smartconnect_0/inst/s00_entry_pipeline/s00_transaction_regulator/inst/xpm_cdc_async_rst_inst/arststages_ff_reg[0]/C
  -------------------------------------------------------------------    -------------------
    SLICE_X35Y99         FDCE (Prop_fdce_C_Q)         0.141     1.036 r  ghost_bd_i/smartconnect_0/inst/s00_entry_pipeline/s00_transaction_regulator/inst/xpm_cdc_async_rst_inst/arststages_ff_reg[0]/Q
                         net (fo=1, routed)           0.056     1.091    ghost_bd_i/smartconnect_0/inst/s00_entry_pipeline/s00_transaction_regulator/inst/xpm_cdc_async_rst_inst/arststages_ff[0]
    SLICE_X35Y99         FDCE                                         r  ghost_bd_i/smartconnect_0/inst/s00_entry_pipeline/s00_transaction_regulator/inst/xpm_cdc_async_rst_inst/arststages_ff_reg[1]/D
  -------------------------------------------------------------------    -------------------

                         (clock clk_fpga_0 rise edge)
                                                      0.000     0.000 r  
    PS7_X0Y0             PS7                          0.000     0.000 r  ghost_bd_i/processing_system7_0/inst/PS7_i/FCLKCLK[0]
                         net (fo=1, routed)           0.337     0.337    ghost_bd_i/processing_system7_0/inst/FCLK_CLK_unbuffered[0]
    BUFGCTRL_X0Y16       BUFG (Prop_bufg_I_O)         0.029     0.366 r  ghost_bd_i/processing_system7_0/inst/buffer_fclk_clk_0.FCLK_CLK_0_BUFG/O
                         net (fo=1181, routed)        0.826     1.192    ghost_bd_i/smartconnect_0/inst/s00_entry_pipeline/s00_transaction_regulator/inst/xpm_cdc_async_rst_inst/dest_clk
    SLICE_X35Y99         FDCE                                         r  ghost_bd_i/smartconnect_0/inst/s00_entry_pipeline/s00_transaction_regulator/inst/xpm_cdc_async_rst_inst/arststages_ff_reg[1]/C
                         clock pessimism             -0.297     0.895    
    SLICE_X35Y99         FDCE (Hold_fdce_C_D)         0.075     0.970    ghost_bd_i/smartconnect_0/inst/s00_entry_pipeline/s00_transaction_regulator/inst/xpm_cdc_async_rst_inst/arststages_ff_reg[1]
  -------------------------------------------------------------------
                         required time                         -0.970    
                         arrival time                           1.091    
  -------------------------------------------------------------------
                         slack                                  0.122    

Slack (MET) :             0.122ns  (arrival time - required time)
  Source:                 ghost_bd_i/smartconnect_0/inst/s00_nodes/s00_ar_node/inst/s_sc_xpm_cdc_async_rst_inst/arststages_ff_reg[0]/C
                            (rising edge-triggered cell FDCE clocked by clk_fpga_0  {rise@0.000ns fall@10.000ns period=20.000ns})
  Destination:            ghost_bd_i/smartconnect_0/inst/s00_nodes/s00_ar_node/inst/s_sc_xpm_cdc_async_rst_inst/arststages_ff_reg[1]/D
                            (rising edge-triggered cell FDCE clocked by clk_fpga_0  {rise@0.000ns fall@10.000ns period=20.000ns})
  Path Group:             clk_fpga_0
  Path Type:              Hold (Min at Fast Process Corner)
  Requirement:            0.000ns  (clk_fpga_0 rise@0.000ns - clk_fpga_0 rise@0.000ns)
  Data Path Delay:        0.197ns  (logic 0.141ns (71.611%)  route 0.056ns (28.389%))
  Logic Levels:           0  
  Clock Path Skew:        0.000ns (DCD - SCD - CPR)
    Destination Clock Delay (DCD):    1.189ns
    Source Clock Delay      (SCD):    0.892ns
    Clock Pessimism Removal (CPR):    0.297ns

    Location             Delay type                Incr(ns)  Path(ns)    Netlist Resource(s)
  -------------------------------------------------------------------    -------------------
                         (clock clk_fpga_0 rise edge)
                                                      0.000     0.000 r  
    PS7_X0Y0             PS7                          0.000     0.000 r  ghost_bd_i/processing_system7_0/inst/PS7_i/FCLKCLK[0]
                         net (fo=1, routed)           0.310     0.310    ghost_bd_i/processing_system7_0/inst/FCLK_CLK_unbuffered[0]
    BUFGCTRL_X0Y16       BUFG (Prop_bufg_I_O)         0.026     0.336 r  ghost_bd_i/processing_system7_0/inst/buffer_fclk_clk_0.FCLK_CLK_0_BUFG/O
                         net (fo=1181, routed)        0.556     0.892    ghost_bd_i/smartconnect_0/inst/s00_nodes/s00_ar_node/inst/s_sc_xpm_cdc_async_rst_inst/dest_clk
    SLICE_X33Y88         FDCE                                         r  ghost_bd_i/smartconnect_0/inst/s00_nodes/s00_ar_node/inst/s_sc_xpm_cdc_async_rst_inst/arststages_ff_reg[0]/C
  -------------------------------------------------------------------    -------------------
    SLICE_X33Y88         FDCE (Prop_fdce_C_Q)         0.141     1.033 r  ghost_bd_i/smartconnect_0/inst/s00_nodes/s00_ar_node/inst/s_sc_xpm_cdc_async_rst_inst/arststages_ff_reg[0]/Q
                         net (fo=1, routed)           0.056     1.088    ghost_bd_i/smartconnect_0/inst/s00_nodes/s00_ar_node/inst/s_sc_xpm_cdc_async_rst_inst/arststages_ff[0]
    SLICE_X33Y88         FDCE                                         r  ghost_bd_i/smartconnect_0/inst/s00_nodes/s00_ar_node/inst/s_sc_xpm_cdc_async_rst_inst/arststages_ff_reg[1]/D
  -------------------------------------------------------------------    -------------------

                         (clock clk_fpga_0 rise edge)
                                                      0.000     0.000 r  
    PS7_X0Y0             PS7                          0.000     0.000 r  ghost_bd_i/processing_system7_0/inst/PS7_i/FCLKCLK[0]
                         net (fo=1, routed)           0.337     0.337    ghost_bd_i/processing_system7_0/inst/FCLK_CLK_unbuffered[0]
    BUFGCTRL_X0Y16       BUFG (Prop_bufg_I_O)         0.029     0.366 r  ghost_bd_i/processing_system7_0/inst/buffer_fclk_clk_0.FCLK_CLK_0_BUFG/O
                         net (fo=1181, routed)        0.823     1.189    ghost_bd_i/smartconnect_0/inst/s00_nodes/s00_ar_node/inst/s_sc_xpm_cdc_async_rst_inst/dest_clk
    SLICE_X33Y88         FDCE                                         r  ghost_bd_i/smartconnect_0/inst/s00_nodes/s00_ar_node/inst/s_sc_xpm_cdc_async_rst_inst/arststages_ff_reg[1]/C
                         clock pessimism             -0.297     0.892    
    SLICE_X33Y88         FDCE (Hold_fdce_C_D)         0.075     0.967    ghost_bd_i/smartconnect_0/inst/s00_nodes/s00_ar_node/inst/s_sc_xpm_cdc_async_rst_inst/arststages_ff_reg[1]
  -------------------------------------------------------------------
                         required time                         -0.967    
                         arrival time                           1.088    
  -------------------------------------------------------------------
                         slack                                  0.122    

Slack (MET) :             0.122ns  (arrival time - required time)
  Source:                 ghost_bd_i/smartconnect_0/inst/s00_nodes/s00_b_node/inst/s_sc_xpm_cdc_async_rst_inst/arststages_ff_reg[0]/C
                            (rising edge-triggered cell FDCE clocked by clk_fpga_0  {rise@0.000ns fall@10.000ns period=20.000ns})
  Destination:            ghost_bd_i/smartconnect_0/inst/s00_nodes/s00_b_node/inst/s_sc_xpm_cdc_async_rst_inst/arststages_ff_reg[1]/D
                            (rising edge-triggered cell FDCE clocked by clk_fpga_0  {rise@0.000ns fall@10.000ns period=20.000ns})
  Path Group:             clk_fpga_0
  Path Type:              Hold (Min at Fast Process Corner)
  Requirement:            0.000ns  (clk_fpga_0 rise@0.000ns - clk_fpga_0 rise@0.000ns)
  Data Path Delay:        0.197ns  (logic 0.141ns (71.611%)  route 0.056ns (28.389%))
  Logic Levels:           0  
  Clock Path Skew:        0.000ns (DCD - SCD - CPR)
    Destination Clock Delay (DCD):    1.276ns
    Source Clock Delay      (SCD):    0.974ns
    Clock Pessimism Removal (CPR):    0.302ns

    Location             Delay type                Incr(ns)  Path(ns)    Netlist Resource(s)
  -------------------------------------------------------------------    -------------------
                         (clock clk_fpga_0 rise edge)
                                                      0.000     0.000 r  
    PS7_X0Y0             PS7                          0.000     0.000 r  ghost_bd_i/processing_system7_0/inst/PS7_i/FCLKCLK[0]
                         net (fo=1, routed)           0.310     0.310    ghost_bd_i/processing_system7_0/inst/FCLK_CLK_unbuffered[0]
    BUFGCTRL_X0Y16       BUFG (Prop_bufg_I_O)         0.026     0.336 r  ghost_bd_i/processing_system7_0/inst/buffer_fclk_clk_0.FCLK_CLK_0_BUFG/O
                         net (fo=1181, routed)        0.638     0.974    ghost_bd_i/smartconnect_0/inst/s00_nodes/s00_b_node/inst/s_sc_xpm_cdc_async_rst_inst/dest_clk
    SLICE_X41Y104        FDCE                                         r  ghost_bd_i/smartconnect_0/inst/s00_nodes/s00_b_node/inst/s_sc_xpm_cdc_async_rst_inst/arststages_ff_reg[0]/C
  -------------------------------------------------------------------    -------------------
    SLICE_X41Y104        FDCE (Prop_fdce_C_Q)         0.141     1.115 r  ghost_bd_i/smartconnect_0/inst/s00_nodes/s00_b_node/inst/s_sc_xpm_cdc_async_rst_inst/arststages_ff_reg[0]/Q
                         net (fo=1, routed)           0.056     1.171    ghost_bd_i/smartconnect_0/inst/s00_nodes/s00_b_node/inst/s_sc_xpm_cdc_async_rst_inst/arststages_ff[0]
    SLICE_X41Y104        FDCE                                         r  ghost_bd_i/smartconnect_0/inst/s00_nodes/s00_b_node/inst/s_sc_xpm_cdc_async_rst_inst/arststages_ff_reg[1]/D
  -------------------------------------------------------------------    -------------------

                         (clock clk_fpga_0 rise edge)
                                                      0.000     0.000 r  
    PS7_X0Y0             PS7                          0.000     0.000 r  ghost_bd_i/processing_system7_0/inst/PS7_i/FCLKCLK[0]
                         net (fo=1, routed)           0.337     0.337    ghost_bd_i/processing_system7_0/inst/FCLK_CLK_unbuffered[0]
    BUFGCTRL_X0Y16       BUFG (Prop_bufg_I_O)         0.029     0.366 r  ghost_bd_i/processing_system7_0/inst/buffer_fclk_clk_0.FCLK_CLK_0_BUFG/O
                         net (fo=1181, routed)        0.910     1.276    ghost_bd_i/smartconnect_0/inst/s00_nodes/s00_b_node/inst/s_sc_xpm_cdc_async_rst_inst/dest_clk
    SLICE_X41Y104        FDCE                                         r  ghost_bd_i/smartconnect_0/inst/s00_nodes/s00_b_node/inst/s_sc_xpm_cdc_async_rst_inst/arststages_ff_reg[1]/C
                         clock pessimism             -0.302     0.974    
    SLICE_X41Y104        FDCE (Hold_fdce_C_D)         0.075     1.049    ghost_bd_i/smartconnect_0/inst/s00_nodes/s00_b_node/inst/s_sc_xpm_cdc_async_rst_inst/arststages_ff_reg[1]
  -------------------------------------------------------------------
                         required time                         -1.049    
                         arrival time                           1.171    
  -------------------------------------------------------------------
                         slack                                  0.122    

Slack (MET) :             0.122ns  (arrival time - required time)
  Source:                 ghost_bd_i/smartconnect_0/inst/s00_nodes/s00_r_node/inst/s_sc_xpm_cdc_async_rst_inst/arststages_ff_reg[0]/C
                            (rising edge-triggered cell FDCE clocked by clk_fpga_0  {rise@0.000ns fall@10.000ns period=20.000ns})
  Destination:            ghost_bd_i/smartconnect_0/inst/s00_nodes/s00_r_node/inst/s_sc_xpm_cdc_async_rst_inst/arststages_ff_reg[1]/D
                            (rising edge-triggered cell FDCE clocked by clk_fpga_0  {rise@0.000ns fall@10.000ns period=20.000ns})
  Path Group:             clk_fpga_0
  Path Type:              Hold (Min at Fast Process Corner)
  Requirement:            0.000ns  (clk_fpga_0 rise@0.000ns - clk_fpga_0 rise@0.000ns)
  Data Path Delay:        0.197ns  (logic 0.141ns (71.611%)  route 0.056ns (28.389%))
  Logic Levels:           0  
  Clock Path Skew:        0.000ns (DCD - SCD - CPR)
    Destination Clock Delay (DCD):    1.208ns
    Source Clock Delay      (SCD):    0.910ns
    Clock Pessimism Removal (CPR):    0.298ns

    Location             Delay type                Incr(ns)  Path(ns)    Netlist Resource(s)
  -------------------------------------------------------------------    -------------------
                         (clock clk_fpga_0 rise edge)
                                                      0.000     0.000 r  
    PS7_X0Y0             PS7                          0.000     0.000 r  ghost_bd_i/processing_system7_0/inst/PS7_i/FCLKCLK[0]
                         net (fo=1, routed)           0.310     0.310    ghost_bd_i/processing_system7_0/inst/FCLK_CLK_unbuffered[0]
    BUFGCTRL_X0Y16       BUFG (Prop_bufg_I_O)         0.026     0.336 r  ghost_bd_i/processing_system7_0/inst/buffer_fclk_clk_0.FCLK_CLK_0_BUFG/O
                         net (fo=1181, routed)        0.574     0.910    ghost_bd_i/smartconnect_0/inst/s00_nodes/s00_r_node/inst/s_sc_xpm_cdc_async_rst_inst/dest_clk
    SLICE_X31Y88         FDCE                                         r  ghost_bd_i/smartconnect_0/inst/s00_nodes/s00_r_node/inst/s_sc_xpm_cdc_async_rst_inst/arststages_ff_reg[0]/C
  -------------------------------------------------------------------    -------------------
    SLICE_X31Y88         FDCE (Prop_fdce_C_Q)         0.141     1.051 r  ghost_bd_i/smartconnect_0/inst/s00_nodes/s00_r_node/inst/s_sc_xpm_cdc_async_rst_inst/arststages_ff_reg[0]/Q
                         net (fo=1, routed)           0.056     1.106    ghost_bd_i/smartconnect_0/inst/s00_nodes/s00_r_node/inst/s_sc_xpm_cdc_async_rst_inst/arststages_ff[0]
    SLICE_X31Y88         FDCE                                         r  ghost_bd_i/smartconnect_0/inst/s00_nodes/s00_r_node/inst/s_sc_xpm_cdc_async_rst_inst/arststages_ff_reg[1]/D
  -------------------------------------------------------------------    -------------------

                         (clock clk_fpga_0 rise edge)
                                                      0.000     0.000 r  
    PS7_X0Y0             PS7                          0.000     0.000 r  ghost_bd_i/processing_system7_0/inst/PS7_i/FCLKCLK[0]
                         net (fo=1, routed)           0.337     0.337    ghost_bd_i/processing_system7_0/inst/FCLK_CLK_unbuffered[0]
    BUFGCTRL_X0Y16       BUFG (Prop_bufg_I_O)         0.029     0.366 r  ghost_bd_i/processing_system7_0/inst/buffer_fclk_clk_0.FCLK_CLK_0_BUFG/O
                         net (fo=1181, routed)        0.842     1.208    ghost_bd_i/smartconnect_0/inst/s00_nodes/s00_r_node/inst/s_sc_xpm_cdc_async_rst_inst/dest_clk
    SLICE_X31Y88         FDCE                                         r  ghost_bd_i/smartconnect_0/inst/s00_nodes/s00_r_node/inst/s_sc_xpm_cdc_async_rst_inst/arststages_ff_reg[1]/C
                         clock pessimism             -0.298     0.910    
    SLICE_X31Y88         FDCE (Hold_fdce_C_D)         0.075     0.985    ghost_bd_i/smartconnect_0/inst/s00_nodes/s00_r_node/inst/s_sc_xpm_cdc_async_rst_inst/arststages_ff_reg[1]
  -------------------------------------------------------------------
                         required time                         -0.985    
                         arrival time                           1.106    
  -------------------------------------------------------------------
                         slack                                  0.122    





Pulse Width Checks
--------------------------------------------------------------------------------------
Clock Name:         clk_fpga_0
Waveform(ns):       { 0.000 10.000 }
Period(ns):         20.000
Sources:            { ghost_bd_i/processing_system7_0/inst/PS7_i/FCLKCLK[0] }

Check Type        Corner  Lib Pin     Reference Pin  Required(ns)  Actual(ns)  Slack(ns)  Location        Pin
Min Period        n/a     BUFG/I      n/a            2.155         20.000      17.845     BUFGCTRL_X0Y16  ghost_bd_i/processing_system7_0/inst/buffer_fclk_clk_0.FCLK_CLK_0_BUFG/I
Min Period        n/a     FDCE/C      n/a            1.000         20.000      19.000     SLICE_X47Y91    ghost_bd_i/ghost_multi_0/inst/S_AXI_ARREADY_reg/C
Min Period        n/a     FDCE/C      n/a            1.000         20.000      19.000     SLICE_X44Y93    ghost_bd_i/ghost_multi_0/inst/S_AXI_AWREADY_reg/C
Min Period        n/a     FDCE/C      n/a            1.000         20.000      19.000     SLICE_X44Y93    ghost_bd_i/ghost_multi_0/inst/S_AXI_BVALID_reg/C
Min Period        n/a     FDCE/C      n/a            1.000         20.000      19.000     SLICE_X40Y80    ghost_bd_i/ghost_multi_0/inst/S_AXI_RDATA_reg[0]/C
Min Period        n/a     FDCE/C      n/a            1.000         20.000      19.000     SLICE_X45Y80    ghost_bd_i/ghost_multi_0/inst/S_AXI_RDATA_reg[1]/C
Min Period        n/a     FDCE/C      n/a            1.000         20.000      19.000     SLICE_X40Y80    ghost_bd_i/ghost_multi_0/inst/S_AXI_RDATA_reg[2]/C
Min Period        n/a     FDCE/C      n/a            1.000         20.000      19.000     SLICE_X43Y86    ghost_bd_i/ghost_multi_0/inst/S_AXI_RDATA_reg[3]/C
Min Period        n/a     FDCE/C      n/a            1.000         20.000      19.000     SLICE_X47Y91    ghost_bd_i/ghost_multi_0/inst/S_AXI_RVALID_reg/C
Min Period        n/a     FDCE/C      n/a            1.000         20.000      19.000     SLICE_X43Y93    ghost_bd_i/ghost_multi_0/inst/S_AXI_WREADY_reg/C
Low Pulse Width   Fast    SRL16E/CLK  n/a            0.980         10.000      9.020      SLICE_X50Y98    ghost_bd_i/smartconnect_0/inst/clk_map/psr_aclk/U0/EXT_LPF/POR_SRL_I/CLK
Low Pulse Width   Fast    SRL16E/CLK  n/a            0.980         10.000      9.020      SLICE_X46Y100   ghost_bd_i/proc_sys_reset_0/U0/EXT_LPF/POR_SRL_I/CLK
Low Pulse Width   Slow    SRL16E/CLK  n/a            0.980         10.000      9.020      SLICE_X50Y98    ghost_bd_i/smartconnect_0/inst/clk_map/psr_aclk/U0/EXT_LPF/POR_SRL_I/CLK
Low Pulse Width   Slow    SRL16E/CLK  n/a            0.980         10.000      9.020      SLICE_X46Y100   ghost_bd_i/proc_sys_reset_0/U0/EXT_LPF/POR_SRL_I/CLK
Low Pulse Width   Slow    FDRE/C      n/a            0.500         10.000      9.500      SLICE_X36Y88    ghost_bd_i/gpio_ghost3/U0/AXI_LITE_IPIF_I/I_SLAVE_ATTACHMENT/rst_reg/C
Low Pulse Width   Slow    FDRE/C      n/a            0.500         10.000      9.500      SLICE_X39Y91    ghost_bd_i/gpio_ghost3/U0/AXI_LITE_IPIF_I/I_SLAVE_ATTACHMENT/s_axi_bvalid_i_reg/C
Low Pulse Width   Slow    FDRE/C      n/a            0.500         10.000      9.500      SLICE_X37Y88    ghost_bd_i/gpio_ghost3/U0/AXI_LITE_IPIF_I/I_SLAVE_ATTACHMENT/s_axi_rdata_i_reg[31]/C
Low Pulse Width   Slow    FDRE/C      n/a            0.500         10.000      9.500      SLICE_X39Y91    ghost_bd_i/gpio_ghost3/U0/AXI_LITE_IPIF_I/I_SLAVE_ATTACHMENT/s_axi_rvalid_i_reg/C
Low Pulse Width   Slow    FDRE/C      n/a            0.500         10.000      9.500      SLICE_X39Y91    ghost_bd_i/gpio_ghost3/U0/AXI_LITE_IPIF_I/I_SLAVE_ATTACHMENT/start2_reg/C
Low Pulse Width   Slow    FDRE/C      n/a            0.500         10.000      9.500      SLICE_X32Y88    ghost_bd_i/gpio_rover/U0/gpio_core_1/gpio_xferAck_Reg_reg/C
High Pulse Width  Slow    SRL16E/CLK  n/a            0.980         10.000      9.020      SLICE_X46Y100   ghost_bd_i/proc_sys_reset_0/U0/EXT_LPF/POR_SRL_I/CLK
High Pulse Width  Fast    SRL16E/CLK  n/a            0.980         10.000      9.020      SLICE_X46Y100   ghost_bd_i/proc_sys_reset_0/U0/EXT_LPF/POR_SRL_I/CLK
High Pulse Width  Slow    SRL16E/CLK  n/a            0.980         10.000      9.020      SLICE_X50Y98    ghost_bd_i/smartconnect_0/inst/clk_map/psr_aclk/U0/EXT_LPF/POR_SRL_I/CLK
High Pulse Width  Fast    SRL16E/CLK  n/a            0.980         10.000      9.020      SLICE_X50Y98    ghost_bd_i/smartconnect_0/inst/clk_map/psr_aclk/U0/EXT_LPF/POR_SRL_I/CLK
High Pulse Width  Fast    FDCE/C      n/a            0.500         10.000      9.500      SLICE_X40Y80    ghost_bd_i/ghost_multi_0/inst/S_AXI_RDATA_reg[0]/C
High Pulse Width  Fast    FDCE/C      n/a            0.500         10.000      9.500      SLICE_X45Y80    ghost_bd_i/ghost_multi_0/inst/S_AXI_RDATA_reg[1]/C
High Pulse Width  Fast    FDCE/C      n/a            0.500         10.000      9.500      SLICE_X40Y80    ghost_bd_i/ghost_multi_0/inst/S_AXI_RDATA_reg[2]/C
High Pulse Width  Fast    FDSE/C      n/a            0.500         10.000      9.500      SLICE_X47Y97    ghost_bd_i/smartconnect_0/inst/m03_nodes/m03_b_node/inst/s_sc_areset_reg/C
High Pulse Width  Fast    FDRE/C      n/a            0.500         10.000      9.500      SLICE_X28Y98    ghost_bd_i/smartconnect_0/inst/s00_entry_pipeline/s00_mmu/inst/aw_reg_stall/m_vector_i_reg[1061]/C
High Pulse Width  Fast    FDRE/C      n/a            0.500         10.000      9.500      SLICE_X30Y98    ghost_bd_i/smartconnect_0/inst/s00_entry_pipeline/s00_mmu/inst/aw_reg_stall/m_vector_i_reg[1062]/C



---------------------------------------------------------------------------------------------------
Path Group:  **async_default**
From Clock:  clk_fpga_0
  To Clock:  clk_fpga_0

Setup :            0  Failing Endpoints,  Worst Slack       13.269ns,  Total Violation        0.000ns
Hold  :            0  Failing Endpoints,  Worst Slack        0.819ns,  Total Violation        0.000ns
---------------------------------------------------------------------------------------------------


Max Delay Paths
--------------------------------------------------------------------------------------
Slack (MET) :             13.269ns  (required time - arrival time)
  Source:                 ghost_bd_i/proc_sys_reset_0/U0/ACTIVE_LOW_PR_OUT_DFF[0].FDRE_PER_N/C
                            (rising edge-triggered cell FDRE clocked by clk_fpga_0  {rise@0.000ns fall@10.000ns period=20.000ns})
  Destination:            ghost_bd_i/ghost_multi_0/inst/ghost2/s1_ghost_row_reg[2]/CLR
                            (recovery check against rising-edge clock clk_fpga_0  {rise@0.000ns fall@10.000ns period=20.000ns})
  Path Group:             **async_default**
  Path Type:              Recovery (Max at Slow Process Corner)
  Requirement:            20.000ns  (clk_fpga_0 rise@20.000ns - clk_fpga_0 rise@0.000ns)
  Data Path Delay:        5.426ns  (logic 0.613ns (11.297%)  route 4.813ns (88.703%))
  Logic Levels:           1  (LUT1=1)
  Clock Path Skew:        -0.367ns (DCD - SCD + CPR)
    Destination Clock Delay (DCD):    2.642ns = ( 22.642 - 20.000 ) 
    Source Clock Delay      (SCD):    3.138ns
    Clock Pessimism Removal (CPR):    0.129ns
  Clock Uncertainty:      0.302ns  ((TSJ^2 + TIJ^2)^1/2 + DJ) / 2 + PE
    Total System Jitter     (TSJ):    0.071ns
    Total Input Jitter      (TIJ):    0.600ns
    Discrete Jitter          (DJ):    0.000ns
    Phase Error              (PE):    0.000ns

    Location             Delay type                Incr(ns)  Path(ns)    Netlist Resource(s)
  -------------------------------------------------------------------    -------------------
                         (clock clk_fpga_0 rise edge)
                                                      0.000     0.000 r  
    PS7_X0Y0             PS7                          0.000     0.000 r  ghost_bd_i/processing_system7_0/inst/PS7_i/FCLKCLK[0]
                         net (fo=1, routed)           1.193     1.193    ghost_bd_i/processing_system7_0/inst/FCLK_CLK_unbuffered[0]
    BUFGCTRL_X0Y16       BUFG (Prop_bufg_I_O)         0.101     1.294 r  ghost_bd_i/processing_system7_0/inst/buffer_fclk_clk_0.FCLK_CLK_0_BUFG/O
                         net (fo=1181, routed)        1.844     3.138    ghost_bd_i/proc_sys_reset_0/U0/slowest_sync_clk
    SLICE_X43Y101        FDRE                                         r  ghost_bd_i/proc_sys_reset_0/U0/ACTIVE_LOW_PR_OUT_DFF[0].FDRE_PER_N/C
  -------------------------------------------------------------------    -------------------
    SLICE_X43Y101        FDRE (Prop_fdre_C_Q)         0.456     3.594 r  ghost_bd_i/proc_sys_reset_0/U0/ACTIVE_LOW_PR_OUT_DFF[0].FDRE_PER_N/Q
                         net (fo=16, routed)          1.399     4.993    ghost_bd_i/ghost_multi_0/inst/ghost1/S_AXI_ARESETN
    SLICE_X42Y87         LUT1 (Prop_lut1_I0_O)        0.157     5.150 f  ghost_bd_i/ghost_multi_0/inst/ghost1/S_AXI_AWREADY_i_2/O
                         net (fo=104, routed)         3.414     8.564    ghost_bd_i/ghost_multi_0/inst/ghost2/AR[0]
    SLICE_X47Y76         FDCE                                         f  ghost_bd_i/ghost_multi_0/inst/ghost2/s1_ghost_row_reg[2]/CLR
  -------------------------------------------------------------------    -------------------

                         (clock clk_fpga_0 rise edge)
                                                     20.000    20.000 r  
    PS7_X0Y0             PS7                          0.000    20.000 r  ghost_bd_i/processing_system7_0/inst/PS7_i/FCLKCLK[0]
                         net (fo=1, routed)           1.088    21.088    ghost_bd_i/processing_system7_0/inst/FCLK_CLK_unbuffered[0]
    BUFGCTRL_X0Y16       BUFG (Prop_bufg_I_O)         0.091    21.179 r  ghost_bd_i/processing_system7_0/inst/buffer_fclk_clk_0.FCLK_CLK_0_BUFG/O
                         net (fo=1181, routed)        1.463    22.642    ghost_bd_i/ghost_multi_0/inst/ghost2/S_AXI_ACLK
    SLICE_X47Y76         FDCE                                         r  ghost_bd_i/ghost_multi_0/inst/ghost2/s1_ghost_row_reg[2]/C
                         clock pessimism              0.129    22.771    
                         clock uncertainty           -0.302    22.469    
    SLICE_X47Y76         FDCE (Recov_fdce_C_CLR)     -0.636    21.833    ghost_bd_i/ghost_multi_0/inst/ghost2/s1_ghost_row_reg[2]
  -------------------------------------------------------------------
                         required time                         21.833    
                         arrival time                          -8.564    
  -------------------------------------------------------------------
                         slack                                 13.269    

Slack (MET) :             13.408ns  (required time - arrival time)
  Source:                 ghost_bd_i/proc_sys_reset_0/U0/ACTIVE_LOW_PR_OUT_DFF[0].FDRE_PER_N/C
                            (rising edge-triggered cell FDRE clocked by clk_fpga_0  {rise@0.000ns fall@10.000ns period=20.000ns})
  Destination:            ghost_bd_i/ghost_multi_0/inst/ghost1/s2_can_left_reg/CLR
                            (recovery check against rising-edge clock clk_fpga_0  {rise@0.000ns fall@10.000ns period=20.000ns})
  Path Group:             **async_default**
  Path Type:              Recovery (Max at Slow Process Corner)
  Requirement:            20.000ns  (clk_fpga_0 rise@20.000ns - clk_fpga_0 rise@0.000ns)
  Data Path Delay:        5.288ns  (logic 0.613ns (11.592%)  route 4.675ns (88.408%))
  Logic Levels:           1  (LUT1=1)
  Clock Path Skew:        -0.365ns (DCD - SCD + CPR)
    Destination Clock Delay (DCD):    2.644ns = ( 22.644 - 20.000 ) 
    Source Clock Delay      (SCD):    3.138ns
    Clock Pessimism Removal (CPR):    0.129ns
  Clock Uncertainty:      0.302ns  ((TSJ^2 + TIJ^2)^1/2 + DJ) / 2 + PE
    Total System Jitter     (TSJ):    0.071ns
    Total Input Jitter      (TIJ):    0.600ns
    Discrete Jitter          (DJ):    0.000ns
    Phase Error              (PE):    0.000ns

    Location             Delay type                Incr(ns)  Path(ns)    Netlist Resource(s)
  -------------------------------------------------------------------    -------------------
                         (clock clk_fpga_0 rise edge)
                                                      0.000     0.000 r  
    PS7_X0Y0             PS7                          0.000     0.000 r  ghost_bd_i/processing_system7_0/inst/PS7_i/FCLKCLK[0]
                         net (fo=1, routed)           1.193     1.193    ghost_bd_i/processing_system7_0/inst/FCLK_CLK_unbuffered[0]
    BUFGCTRL_X0Y16       BUFG (Prop_bufg_I_O)         0.101     1.294 r  ghost_bd_i/processing_system7_0/inst/buffer_fclk_clk_0.FCLK_CLK_0_BUFG/O
                         net (fo=1181, routed)        1.844     3.138    ghost_bd_i/proc_sys_reset_0/U0/slowest_sync_clk
    SLICE_X43Y101        FDRE                                         r  ghost_bd_i/proc_sys_reset_0/U0/ACTIVE_LOW_PR_OUT_DFF[0].FDRE_PER_N/C
  -------------------------------------------------------------------    -------------------
    SLICE_X43Y101        FDRE (Prop_fdre_C_Q)         0.456     3.594 r  ghost_bd_i/proc_sys_reset_0/U0/ACTIVE_LOW_PR_OUT_DFF[0].FDRE_PER_N/Q
                         net (fo=16, routed)          1.399     4.993    ghost_bd_i/ghost_multi_0/inst/ghost1/S_AXI_ARESETN
    SLICE_X42Y87         LUT1 (Prop_lut1_I0_O)        0.157     5.150 f  ghost_bd_i/ghost_multi_0/inst/ghost1/S_AXI_AWREADY_i_2/O
                         net (fo=104, routed)         3.276     8.426    ghost_bd_i/ghost_multi_0/inst/ghost1/AR[0]
    SLICE_X48Y78         FDCE                                         f  ghost_bd_i/ghost_multi_0/inst/ghost1/s2_can_left_reg/CLR
  -------------------------------------------------------------------    -------------------

                         (clock clk_fpga_0 rise edge)
                                                     20.000    20.000 r  
    PS7_X0Y0             PS7                          0.000    20.000 r  ghost_bd_i/processing_system7_0/inst/PS7_i/FCLKCLK[0]
                         net (fo=1, routed)           1.088    21.088    ghost_bd_i/processing_system7_0/inst/FCLK_CLK_unbuffered[0]
    BUFGCTRL_X0Y16       BUFG (Prop_bufg_I_O)         0.091    21.179 r  ghost_bd_i/processing_system7_0/inst/buffer_fclk_clk_0.FCLK_CLK_0_BUFG/O
                         net (fo=1181, routed)        1.465    22.644    ghost_bd_i/ghost_multi_0/inst/ghost1/S_AXI_ACLK
    SLICE_X48Y78         FDCE                                         r  ghost_bd_i/ghost_multi_0/inst/ghost1/s2_can_left_reg/C
                         clock pessimism              0.129    22.773    
                         clock uncertainty           -0.302    22.471    
    SLICE_X48Y78         FDCE (Recov_fdce_C_CLR)     -0.636    21.835    ghost_bd_i/ghost_multi_0/inst/ghost1/s2_can_left_reg
  -------------------------------------------------------------------
                         required time                         21.835    
                         arrival time                          -8.426    
  -------------------------------------------------------------------
                         slack                                 13.408    

Slack (MET) :             13.550ns  (required time - arrival time)
  Source:                 ghost_bd_i/proc_sys_reset_0/U0/ACTIVE_LOW_PR_OUT_DFF[0].FDRE_PER_N/C
                            (rising edge-triggered cell FDRE clocked by clk_fpga_0  {rise@0.000ns fall@10.000ns period=20.000ns})
  Destination:            ghost_bd_i/ghost_multi_0/inst/S_AXI_RDATA_reg[0]/CLR
                            (recovery check against rising-edge clock clk_fpga_0  {rise@0.000ns fall@10.000ns period=20.000ns})
  Path Group:             **async_default**
  Path Type:              Recovery (Max at Slow Process Corner)
  Requirement:            20.000ns  (clk_fpga_0 rise@20.000ns - clk_fpga_0 rise@0.000ns)
  Data Path Delay:        5.149ns  (logic 0.613ns (11.904%)  route 4.536ns (88.096%))
  Logic Levels:           1  (LUT1=1)
  Clock Path Skew:        -0.362ns (DCD - SCD + CPR)
    Destination Clock Delay (DCD):    2.647ns = ( 22.647 - 20.000 ) 
    Source Clock Delay      (SCD):    3.138ns
    Clock Pessimism Removal (CPR):    0.129ns
  Clock Uncertainty:      0.302ns  ((TSJ^2 + TIJ^2)^1/2 + DJ) / 2 + PE
    Total System Jitter     (TSJ):    0.071ns
    Total Input Jitter      (TIJ):    0.600ns
    Discrete Jitter          (DJ):    0.000ns
    Phase Error              (PE):    0.000ns

    Location             Delay type                Incr(ns)  Path(ns)    Netlist Resource(s)
  -------------------------------------------------------------------    -------------------
                         (clock clk_fpga_0 rise edge)
                                                      0.000     0.000 r  
    PS7_X0Y0             PS7                          0.000     0.000 r  ghost_bd_i/processing_system7_0/inst/PS7_i/FCLKCLK[0]
                         net (fo=1, routed)           1.193     1.193    ghost_bd_i/processing_system7_0/inst/FCLK_CLK_unbuffered[0]
    BUFGCTRL_X0Y16       BUFG (Prop_bufg_I_O)         0.101     1.294 r  ghost_bd_i/processing_system7_0/inst/buffer_fclk_clk_0.FCLK_CLK_0_BUFG/O
                         net (fo=1181, routed)        1.844     3.138    ghost_bd_i/proc_sys_reset_0/U0/slowest_sync_clk
    SLICE_X43Y101        FDRE                                         r  ghost_bd_i/proc_sys_reset_0/U0/ACTIVE_LOW_PR_OUT_DFF[0].FDRE_PER_N/C
  -------------------------------------------------------------------    -------------------
    SLICE_X43Y101        FDRE (Prop_fdre_C_Q)         0.456     3.594 r  ghost_bd_i/proc_sys_reset_0/U0/ACTIVE_LOW_PR_OUT_DFF[0].FDRE_PER_N/Q
                         net (fo=16, routed)          1.399     4.993    ghost_bd_i/ghost_multi_0/inst/ghost1/S_AXI_ARESETN
    SLICE_X42Y87         LUT1 (Prop_lut1_I0_O)        0.157     5.150 f  ghost_bd_i/ghost_multi_0/inst/ghost1/S_AXI_AWREADY_i_2/O
                         net (fo=104, routed)         3.137     8.287    ghost_bd_i/ghost_multi_0/inst/rst
    SLICE_X40Y80         FDCE                                         f  ghost_bd_i/ghost_multi_0/inst/S_AXI_RDATA_reg[0]/CLR
  -------------------------------------------------------------------    -------------------

                         (clock clk_fpga_0 rise edge)
                                                     20.000    20.000 r  
    PS7_X0Y0             PS7                          0.000    20.000 r  ghost_bd_i/processing_system7_0/inst/PS7_i/FCLKCLK[0]
                         net (fo=1, routed)           1.088    21.088    ghost_bd_i/processing_system7_0/inst/FCLK_CLK_unbuffered[0]
    BUFGCTRL_X0Y16       BUFG (Prop_bufg_I_O)         0.091    21.179 r  ghost_bd_i/processing_system7_0/inst/buffer_fclk_clk_0.FCLK_CLK_0_BUFG/O
                         net (fo=1181, routed)        1.468    22.647    ghost_bd_i/ghost_multi_0/inst/S_AXI_ACLK
    SLICE_X40Y80         FDCE                                         r  ghost_bd_i/ghost_multi_0/inst/S_AXI_RDATA_reg[0]/C
                         clock pessimism              0.129    22.776    
                         clock uncertainty           -0.302    22.474    
    SLICE_X40Y80         FDCE (Recov_fdce_C_CLR)     -0.636    21.838    ghost_bd_i/ghost_multi_0/inst/S_AXI_RDATA_reg[0]
  -------------------------------------------------------------------
                         required time                         21.838    
                         arrival time                          -8.287    
  -------------------------------------------------------------------
                         slack                                 13.550    

Slack (MET) :             13.550ns  (required time - arrival time)
  Source:                 ghost_bd_i/proc_sys_reset_0/U0/ACTIVE_LOW_PR_OUT_DFF[0].FDRE_PER_N/C
                            (rising edge-triggered cell FDRE clocked by clk_fpga_0  {rise@0.000ns fall@10.000ns period=20.000ns})
  Destination:            ghost_bd_i/ghost_multi_0/inst/S_AXI_RDATA_reg[2]/CLR
                            (recovery check against rising-edge clock clk_fpga_0  {rise@0.000ns fall@10.000ns period=20.000ns})
  Path Group:             **async_default**
  Path Type:              Recovery (Max at Slow Process Corner)
  Requirement:            20.000ns  (clk_fpga_0 rise@20.000ns - clk_fpga_0 rise@0.000ns)
  Data Path Delay:        5.149ns  (logic 0.613ns (11.904%)  route 4.536ns (88.096%))
  Logic Levels:           1  (LUT1=1)
  Clock Path Skew:        -0.362ns (DCD - SCD + CPR)
    Destination Clock Delay (DCD):    2.647ns = ( 22.647 - 20.000 ) 
    Source Clock Delay      (SCD):    3.138ns
    Clock Pessimism Removal (CPR):    0.129ns
  Clock Uncertainty:      0.302ns  ((TSJ^2 + TIJ^2)^1/2 + DJ) / 2 + PE
    Total System Jitter     (TSJ):    0.071ns
    Total Input Jitter      (TIJ):    0.600ns
    Discrete Jitter          (DJ):    0.000ns
    Phase Error              (PE):    0.000ns

    Location             Delay type                Incr(ns)  Path(ns)    Netlist Resource(s)
  -------------------------------------------------------------------    -------------------
                         (clock clk_fpga_0 rise edge)
                                                      0.000     0.000 r  
    PS7_X0Y0             PS7                          0.000     0.000 r  ghost_bd_i/processing_system7_0/inst/PS7_i/FCLKCLK[0]
                         net (fo=1, routed)           1.193     1.193    ghost_bd_i/processing_system7_0/inst/FCLK_CLK_unbuffered[0]
    BUFGCTRL_X0Y16       BUFG (Prop_bufg_I_O)         0.101     1.294 r  ghost_bd_i/processing_system7_0/inst/buffer_fclk_clk_0.FCLK_CLK_0_BUFG/O
                         net (fo=1181, routed)        1.844     3.138    ghost_bd_i/proc_sys_reset_0/U0/slowest_sync_clk
    SLICE_X43Y101        FDRE                                         r  ghost_bd_i/proc_sys_reset_0/U0/ACTIVE_LOW_PR_OUT_DFF[0].FDRE_PER_N/C
  -------------------------------------------------------------------    -------------------
    SLICE_X43Y101        FDRE (Prop_fdre_C_Q)         0.456     3.594 r  ghost_bd_i/proc_sys_reset_0/U0/ACTIVE_LOW_PR_OUT_DFF[0].FDRE_PER_N/Q
                         net (fo=16, routed)          1.399     4.993    ghost_bd_i/ghost_multi_0/inst/ghost1/S_AXI_ARESETN
    SLICE_X42Y87         LUT1 (Prop_lut1_I0_O)        0.157     5.150 f  ghost_bd_i/ghost_multi_0/inst/ghost1/S_AXI_AWREADY_i_2/O
                         net (fo=104, routed)         3.137     8.287    ghost_bd_i/ghost_multi_0/inst/rst
    SLICE_X40Y80         FDCE                                         f  ghost_bd_i/ghost_multi_0/inst/S_AXI_RDATA_reg[2]/CLR
  -------------------------------------------------------------------    -------------------

                         (clock clk_fpga_0 rise edge)
                                                     20.000    20.000 r  
    PS7_X0Y0             PS7                          0.000    20.000 r  ghost_bd_i/processing_system7_0/inst/PS7_i/FCLKCLK[0]
                         net (fo=1, routed)           1.088    21.088    ghost_bd_i/processing_system7_0/inst/FCLK_CLK_unbuffered[0]
    BUFGCTRL_X0Y16       BUFG (Prop_bufg_I_O)         0.091    21.179 r  ghost_bd_i/processing_system7_0/inst/buffer_fclk_clk_0.FCLK_CLK_0_BUFG/O
                         net (fo=1181, routed)        1.468    22.647    ghost_bd_i/ghost_multi_0/inst/S_AXI_ACLK
    SLICE_X40Y80         FDCE                                         r  ghost_bd_i/ghost_multi_0/inst/S_AXI_RDATA_reg[2]/C
                         clock pessimism              0.129    22.776    
                         clock uncertainty           -0.302    22.474    
    SLICE_X40Y80         FDCE (Recov_fdce_C_CLR)     -0.636    21.838    ghost_bd_i/ghost_multi_0/inst/S_AXI_RDATA_reg[2]
  -------------------------------------------------------------------
                         required time                         21.838    
                         arrival time                          -8.287    
  -------------------------------------------------------------------
                         slack                                 13.550    

Slack (MET) :             13.653ns  (required time - arrival time)
  Source:                 ghost_bd_i/proc_sys_reset_0/U0/ACTIVE_LOW_PR_OUT_DFF[0].FDRE_PER_N/C
                            (rising edge-triggered cell FDRE clocked by clk_fpga_0  {rise@0.000ns fall@10.000ns period=20.000ns})
  Destination:            ghost_bd_i/ghost_multi_0/inst/ghost3/s1_los_detected_reg/CLR
                            (recovery check against rising-edge clock clk_fpga_0  {rise@0.000ns fall@10.000ns period=20.000ns})
  Path Group:             **async_default**
  Path Type:              Recovery (Max at Slow Process Corner)
  Requirement:            20.000ns  (clk_fpga_0 rise@20.000ns - clk_fpga_0 rise@0.000ns)
  Data Path Delay:        5.046ns  (logic 0.613ns (12.148%)  route 4.433ns (87.852%))
  Logic Levels:           1  (LUT1=1)
  Clock Path Skew:        -0.362ns (DCD - SCD + CPR)
    Destination Clock Delay (DCD):    2.647ns = ( 22.647 - 20.000 ) 
    Source Clock Delay      (SCD):    3.138ns
    Clock Pessimism Removal (CPR):    0.129ns
  Clock Uncertainty:      0.302ns  ((TSJ^2 + TIJ^2)^1/2 + DJ) / 2 + PE
    Total System Jitter     (TSJ):    0.071ns
    Total Input Jitter      (TIJ):    0.600ns
    Discrete Jitter          (DJ):    0.000ns
    Phase Error              (PE):    0.000ns

    Location             Delay type                Incr(ns)  Path(ns)    Netlist Resource(s)
  -------------------------------------------------------------------    -------------------
                         (clock clk_fpga_0 rise edge)
                                                      0.000     0.000 r  
    PS7_X0Y0             PS7                          0.000     0.000 r  ghost_bd_i/processing_system7_0/inst/PS7_i/FCLKCLK[0]
                         net (fo=1, routed)           1.193     1.193    ghost_bd_i/processing_system7_0/inst/FCLK_CLK_unbuffered[0]
    BUFGCTRL_X0Y16       BUFG (Prop_bufg_I_O)         0.101     1.294 r  ghost_bd_i/processing_system7_0/inst/buffer_fclk_clk_0.FCLK_CLK_0_BUFG/O
                         net (fo=1181, routed)        1.844     3.138    ghost_bd_i/proc_sys_reset_0/U0/slowest_sync_clk
    SLICE_X43Y101        FDRE                                         r  ghost_bd_i/proc_sys_reset_0/U0/ACTIVE_LOW_PR_OUT_DFF[0].FDRE_PER_N/C
  -------------------------------------------------------------------    -------------------
    SLICE_X43Y101        FDRE (Prop_fdre_C_Q)         0.456     3.594 r  ghost_bd_i/proc_sys_reset_0/U0/ACTIVE_LOW_PR_OUT_DFF[0].FDRE_PER_N/Q
                         net (fo=16, routed)          1.399     4.993    ghost_bd_i/ghost_multi_0/inst/ghost1/S_AXI_ARESETN
    SLICE_X42Y87         LUT1 (Prop_lut1_I0_O)        0.157     5.150 f  ghost_bd_i/ghost_multi_0/inst/ghost1/S_AXI_AWREADY_i_2/O
                         net (fo=104, routed)         3.034     8.184    ghost_bd_i/ghost_multi_0/inst/ghost3/AR[0]
    SLICE_X39Y80         FDCE                                         f  ghost_bd_i/ghost_multi_0/inst/ghost3/s1_los_detected_reg/CLR
  -------------------------------------------------------------------    -------------------

                         (clock clk_fpga_0 rise edge)
                                                     20.000    20.000 r  
    PS7_X0Y0             PS7                          0.000    20.000 r  ghost_bd_i/processing_system7_0/inst/PS7_i/FCLKCLK[0]
                         net (fo=1, routed)           1.088    21.088    ghost_bd_i/processing_system7_0/inst/FCLK_CLK_unbuffered[0]
    BUFGCTRL_X0Y16       BUFG (Prop_bufg_I_O)         0.091    21.179 r  ghost_bd_i/processing_system7_0/inst/buffer_fclk_clk_0.FCLK_CLK_0_BUFG/O
                         net (fo=1181, routed)        1.468    22.647    ghost_bd_i/ghost_multi_0/inst/ghost3/S_AXI_ACLK
    SLICE_X39Y80         FDCE                                         r  ghost_bd_i/ghost_multi_0/inst/ghost3/s1_los_detected_reg/C
                         clock pessimism              0.129    22.776    
                         clock uncertainty           -0.302    22.474    
    SLICE_X39Y80         FDCE (Recov_fdce_C_CLR)     -0.636    21.838    ghost_bd_i/ghost_multi_0/inst/ghost3/s1_los_detected_reg
  -------------------------------------------------------------------
                         required time                         21.838    
                         arrival time                          -8.184    
  -------------------------------------------------------------------
                         slack                                 13.653    

Slack (MET) :             13.699ns  (required time - arrival time)
  Source:                 ghost_bd_i/proc_sys_reset_0/U0/ACTIVE_LOW_PR_OUT_DFF[0].FDRE_PER_N/C
                            (rising edge-triggered cell FDRE clocked by clk_fpga_0  {rise@0.000ns fall@10.000ns period=20.000ns})
  Destination:            ghost_bd_i/ghost_multi_0/inst/ghost1/s2_can_down_reg/CLR
                            (recovery check against rising-edge clock clk_fpga_0  {rise@0.000ns fall@10.000ns period=20.000ns})
  Path Group:             **async_default**
  Path Type:              Recovery (Max at Slow Process Corner)
  Requirement:            20.000ns  (clk_fpga_0 rise@20.000ns - clk_fpga_0 rise@0.000ns)
  Data Path Delay:        4.998ns  (logic 0.613ns (12.264%)  route 4.385ns (87.736%))
  Logic Levels:           1  (LUT1=1)
  Clock Path Skew:        -0.364ns (DCD - SCD + CPR)
    Destination Clock Delay (DCD):    2.645ns = ( 22.645 - 20.000 ) 
    Source Clock Delay      (SCD):    3.138ns
    Clock Pessimism Removal (CPR):    0.129ns
  Clock Uncertainty:      0.302ns  ((TSJ^2 + TIJ^2)^1/2 + DJ) / 2 + PE
    Total System Jitter     (TSJ):    0.071ns
    Total Input Jitter      (TIJ):    0.600ns
    Discrete Jitter          (DJ):    0.000ns
    Phase Error              (PE):    0.000ns

    Location             Delay type                Incr(ns)  Path(ns)    Netlist Resource(s)
  -------------------------------------------------------------------    -------------------
                         (clock clk_fpga_0 rise edge)
                                                      0.000     0.000 r  
    PS7_X0Y0             PS7                          0.000     0.000 r  ghost_bd_i/processing_system7_0/inst/PS7_i/FCLKCLK[0]
                         net (fo=1, routed)           1.193     1.193    ghost_bd_i/processing_system7_0/inst/FCLK_CLK_unbuffered[0]
    BUFGCTRL_X0Y16       BUFG (Prop_bufg_I_O)         0.101     1.294 r  ghost_bd_i/processing_system7_0/inst/buffer_fclk_clk_0.FCLK_CLK_0_BUFG/O
                         net (fo=1181, routed)        1.844     3.138    ghost_bd_i/proc_sys_reset_0/U0/slowest_sync_clk
    SLICE_X43Y101        FDRE                                         r  ghost_bd_i/proc_sys_reset_0/U0/ACTIVE_LOW_PR_OUT_DFF[0].FDRE_PER_N/C
  -------------------------------------------------------------------    -------------------
    SLICE_X43Y101        FDRE (Prop_fdre_C_Q)         0.456     3.594 r  ghost_bd_i/proc_sys_reset_0/U0/ACTIVE_LOW_PR_OUT_DFF[0].FDRE_PER_N/Q
                         net (fo=16, routed)          1.399     4.993    ghost_bd_i/ghost_multi_0/inst/ghost1/S_AXI_ARESETN
    SLICE_X42Y87         LUT1 (Prop_lut1_I0_O)        0.157     5.150 f  ghost_bd_i/ghost_multi_0/inst/ghost1/S_AXI_AWREADY_i_2/O
                         net (fo=104, routed)         2.986     8.136    ghost_bd_i/ghost_multi_0/inst/ghost1/AR[0]
    SLICE_X44Y78         FDCE                                         f  ghost_bd_i/ghost_multi_0/inst/ghost1/s2_can_down_reg/CLR
  -------------------------------------------------------------------    -------------------

                         (clock clk_fpga_0 rise edge)
                                                     20.000    20.000 r  
    PS7_X0Y0             PS7                          0.000    20.000 r  ghost_bd_i/processing_system7_0/inst/PS7_i/FCLKCLK[0]
                         net (fo=1, routed)           1.088    21.088    ghost_bd_i/processing_system7_0/inst/FCLK_CLK_unbuffered[0]
    BUFGCTRL_X0Y16       BUFG (Prop_bufg_I_O)         0.091    21.179 r  ghost_bd_i/processing_system7_0/inst/buffer_fclk_clk_0.FCLK_CLK_0_BUFG/O
                         net (fo=1181, routed)        1.466    22.645    ghost_bd_i/ghost_multi_0/inst/ghost1/S_AXI_ACLK
    SLICE_X44Y78         FDCE                                         r  ghost_bd_i/ghost_multi_0/inst/ghost1/s2_can_down_reg/C
                         clock pessimism              0.129    22.774    
                         clock uncertainty           -0.302    22.472    
    SLICE_X44Y78         FDCE (Recov_fdce_C_CLR)     -0.636    21.836    ghost_bd_i/ghost_multi_0/inst/ghost1/s2_can_down_reg
  -------------------------------------------------------------------
                         required time                         21.836    
                         arrival time                          -8.136    
  -------------------------------------------------------------------
                         slack                                 13.699    

Slack (MET) :             13.699ns  (required time - arrival time)
  Source:                 ghost_bd_i/proc_sys_reset_0/U0/ACTIVE_LOW_PR_OUT_DFF[0].FDRE_PER_N/C
                            (rising edge-triggered cell FDRE clocked by clk_fpga_0  {rise@0.000ns fall@10.000ns period=20.000ns})
  Destination:            ghost_bd_i/ghost_multi_0/inst/ghost2/s2_los_detected_reg/CLR
                            (recovery check against rising-edge clock clk_fpga_0  {rise@0.000ns fall@10.000ns period=20.000ns})
  Path Group:             **async_default**
  Path Type:              Recovery (Max at Slow Process Corner)
  Requirement:            20.000ns  (clk_fpga_0 rise@20.000ns - clk_fpga_0 rise@0.000ns)
  Data Path Delay:        4.998ns  (logic 0.613ns (12.264%)  route 4.385ns (87.736%))
  Logic Levels:           1  (LUT1=1)
  Clock Path Skew:        -0.364ns (DCD - SCD + CPR)
    Destination Clock Delay (DCD):    2.645ns = ( 22.645 - 20.000 ) 
    Source Clock Delay      (SCD):    3.138ns
    Clock Pessimism Removal (CPR):    0.129ns
  Clock Uncertainty:      0.302ns  ((TSJ^2 + TIJ^2)^1/2 + DJ) / 2 + PE
    Total System Jitter     (TSJ):    0.071ns
    Total Input Jitter      (TIJ):    0.600ns
    Discrete Jitter          (DJ):    0.000ns
    Phase Error              (PE):    0.000ns

    Location             Delay type                Incr(ns)  Path(ns)    Netlist Resource(s)
  -------------------------------------------------------------------    -------------------
                         (clock clk_fpga_0 rise edge)
                                                      0.000     0.000 r  
    PS7_X0Y0             PS7                          0.000     0.000 r  ghost_bd_i/processing_system7_0/inst/PS7_i/FCLKCLK[0]
                         net (fo=1, routed)           1.193     1.193    ghost_bd_i/processing_system7_0/inst/FCLK_CLK_unbuffered[0]
    BUFGCTRL_X0Y16       BUFG (Prop_bufg_I_O)         0.101     1.294 r  ghost_bd_i/processing_system7_0/inst/buffer_fclk_clk_0.FCLK_CLK_0_BUFG/O
                         net (fo=1181, routed)        1.844     3.138    ghost_bd_i/proc_sys_reset_0/U0/slowest_sync_clk
    SLICE_X43Y101        FDRE                                         r  ghost_bd_i/proc_sys_reset_0/U0/ACTIVE_LOW_PR_OUT_DFF[0].FDRE_PER_N/C
  -------------------------------------------------------------------    -------------------
    SLICE_X43Y101        FDRE (Prop_fdre_C_Q)         0.456     3.594 r  ghost_bd_i/proc_sys_reset_0/U0/ACTIVE_LOW_PR_OUT_DFF[0].FDRE_PER_N/Q
                         net (fo=16, routed)          1.399     4.993    ghost_bd_i/ghost_multi_0/inst/ghost1/S_AXI_ARESETN
    SLICE_X42Y87         LUT1 (Prop_lut1_I0_O)        0.157     5.150 f  ghost_bd_i/ghost_multi_0/inst/ghost1/S_AXI_AWREADY_i_2/O
                         net (fo=104, routed)         2.986     8.136    ghost_bd_i/ghost_multi_0/inst/ghost2/AR[0]
    SLICE_X44Y78         FDCE                                         f  ghost_bd_i/ghost_multi_0/inst/ghost2/s2_los_detected_reg/CLR
  -------------------------------------------------------------------    -------------------

                         (clock clk_fpga_0 rise edge)
                                                     20.000    20.000 r  
    PS7_X0Y0             PS7                          0.000    20.000 r  ghost_bd_i/processing_system7_0/inst/PS7_i/FCLKCLK[0]
                         net (fo=1, routed)           1.088    21.088    ghost_bd_i/processing_system7_0/inst/FCLK_CLK_unbuffered[0]
    BUFGCTRL_X0Y16       BUFG (Prop_bufg_I_O)         0.091    21.179 r  ghost_bd_i/processing_system7_0/inst/buffer_fclk_clk_0.FCLK_CLK_0_BUFG/O
                         net (fo=1181, routed)        1.466    22.645    ghost_bd_i/ghost_multi_0/inst/ghost2/S_AXI_ACLK
    SLICE_X44Y78         FDCE                                         r  ghost_bd_i/ghost_multi_0/inst/ghost2/s2_los_detected_reg/C
                         clock pessimism              0.129    22.774    
                         clock uncertainty           -0.302    22.472    
    SLICE_X44Y78         FDCE (Recov_fdce_C_CLR)     -0.636    21.836    ghost_bd_i/ghost_multi_0/inst/ghost2/s2_los_detected_reg
  -------------------------------------------------------------------
                         required time                         21.836    
                         arrival time                          -8.136    
  -------------------------------------------------------------------
                         slack                                 13.699    

Slack (MET) :             13.699ns  (required time - arrival time)
  Source:                 ghost_bd_i/proc_sys_reset_0/U0/ACTIVE_LOW_PR_OUT_DFF[0].FDRE_PER_N/C
                            (rising edge-triggered cell FDRE clocked by clk_fpga_0  {rise@0.000ns fall@10.000ns period=20.000ns})
  Destination:            ghost_bd_i/ghost_multi_0/inst/ghost2/s2_los_dir_reg[1]/CLR
                            (recovery check against rising-edge clock clk_fpga_0  {rise@0.000ns fall@10.000ns period=20.000ns})
  Path Group:             **async_default**
  Path Type:              Recovery (Max at Slow Process Corner)
  Requirement:            20.000ns  (clk_fpga_0 rise@20.000ns - clk_fpga_0 rise@0.000ns)
  Data Path Delay:        4.998ns  (logic 0.613ns (12.264%)  route 4.385ns (87.736%))
  Logic Levels:           1  (LUT1=1)
  Clock Path Skew:        -0.364ns (DCD - SCD + CPR)
    Destination Clock Delay (DCD):    2.645ns = ( 22.645 - 20.000 ) 
    Source Clock Delay      (SCD):    3.138ns
    Clock Pessimism Removal (CPR):    0.129ns
  Clock Uncertainty:      0.302ns  ((TSJ^2 + TIJ^2)^1/2 + DJ) / 2 + PE
    Total System Jitter     (TSJ):    0.071ns
    Total Input Jitter      (TIJ):    0.600ns
    Discrete Jitter          (DJ):    0.000ns
    Phase Error              (PE):    0.000ns

    Location             Delay type                Incr(ns)  Path(ns)    Netlist Resource(s)
  -------------------------------------------------------------------    -------------------
                         (clock clk_fpga_0 rise edge)
                                                      0.000     0.000 r  
    PS7_X0Y0             PS7                          0.000     0.000 r  ghost_bd_i/processing_system7_0/inst/PS7_i/FCLKCLK[0]
                         net (fo=1, routed)           1.193     1.193    ghost_bd_i/processing_system7_0/inst/FCLK_CLK_unbuffered[0]
    BUFGCTRL_X0Y16       BUFG (Prop_bufg_I_O)         0.101     1.294 r  ghost_bd_i/processing_system7_0/inst/buffer_fclk_clk_0.FCLK_CLK_0_BUFG/O
                         net (fo=1181, routed)        1.844     3.138    ghost_bd_i/proc_sys_reset_0/U0/slowest_sync_clk
    SLICE_X43Y101        FDRE                                         r  ghost_bd_i/proc_sys_reset_0/U0/ACTIVE_LOW_PR_OUT_DFF[0].FDRE_PER_N/C
  -------------------------------------------------------------------    -------------------
    SLICE_X43Y101        FDRE (Prop_fdre_C_Q)         0.456     3.594 r  ghost_bd_i/proc_sys_reset_0/U0/ACTIVE_LOW_PR_OUT_DFF[0].FDRE_PER_N/Q
                         net (fo=16, routed)          1.399     4.993    ghost_bd_i/ghost_multi_0/inst/ghost1/S_AXI_ARESETN
    SLICE_X42Y87         LUT1 (Prop_lut1_I0_O)        0.157     5.150 f  ghost_bd_i/ghost_multi_0/inst/ghost1/S_AXI_AWREADY_i_2/O
                         net (fo=104, routed)         2.986     8.136    ghost_bd_i/ghost_multi_0/inst/ghost2/AR[0]
    SLICE_X44Y78         FDCE                                         f  ghost_bd_i/ghost_multi_0/inst/ghost2/s2_los_dir_reg[1]/CLR
  -------------------------------------------------------------------    -------------------

                         (clock clk_fpga_0 rise edge)
                                                     20.000    20.000 r  
    PS7_X0Y0             PS7                          0.000    20.000 r  ghost_bd_i/processing_system7_0/inst/PS7_i/FCLKCLK[0]
                         net (fo=1, routed)           1.088    21.088    ghost_bd_i/processing_system7_0/inst/FCLK_CLK_unbuffered[0]
    BUFGCTRL_X0Y16       BUFG (Prop_bufg_I_O)         0.091    21.179 r  ghost_bd_i/processing_system7_0/inst/buffer_fclk_clk_0.FCLK_CLK_0_BUFG/O
                         net (fo=1181, routed)        1.466    22.645    ghost_bd_i/ghost_multi_0/inst/ghost2/S_AXI_ACLK
    SLICE_X44Y78         FDCE                                         r  ghost_bd_i/ghost_multi_0/inst/ghost2/s2_los_dir_reg[1]/C
                         clock pessimism              0.129    22.774    
                         clock uncertainty           -0.302    22.472    
    SLICE_X44Y78         FDCE (Recov_fdce_C_CLR)     -0.636    21.836    ghost_bd_i/ghost_multi_0/inst/ghost2/s2_los_dir_reg[1]
  -------------------------------------------------------------------
                         required time                         21.836    
                         arrival time                          -8.136    
  -------------------------------------------------------------------
                         slack                                 13.699    

Slack (MET) :             13.704ns  (required time - arrival time)
  Source:                 ghost_bd_i/proc_sys_reset_0/U0/ACTIVE_LOW_PR_OUT_DFF[0].FDRE_PER_N/C
                            (rising edge-triggered cell FDRE clocked by clk_fpga_0  {rise@0.000ns fall@10.000ns period=20.000ns})
  Destination:            ghost_bd_i/ghost_multi_0/inst/ghost2/direction_reg[0]/CLR
                            (recovery check against rising-edge clock clk_fpga_0  {rise@0.000ns fall@10.000ns period=20.000ns})
  Path Group:             **async_default**
  Path Type:              Recovery (Max at Slow Process Corner)
  Requirement:            20.000ns  (clk_fpga_0 rise@20.000ns - clk_fpga_0 rise@0.000ns)
  Data Path Delay:        4.994ns  (logic 0.613ns (12.275%)  route 4.381ns (87.725%))
  Logic Levels:           1  (LUT1=1)
  Clock Path Skew:        -0.364ns (DCD - SCD + CPR)
    Destination Clock Delay (DCD):    2.645ns = ( 22.645 - 20.000 ) 
    Source Clock Delay      (SCD):    3.138ns
    Clock Pessimism Removal (CPR):    0.129ns
  Clock Uncertainty:      0.302ns  ((TSJ^2 + TIJ^2)^1/2 + DJ) / 2 + PE
    Total System Jitter     (TSJ):    0.071ns
    Total Input Jitter      (TIJ):    0.600ns
    Discrete Jitter          (DJ):    0.000ns
    Phase Error              (PE):    0.000ns

    Location             Delay type                Incr(ns)  Path(ns)    Netlist Resource(s)
  -------------------------------------------------------------------    -------------------
                         (clock clk_fpga_0 rise edge)
                                                      0.000     0.000 r  
    PS7_X0Y0             PS7                          0.000     0.000 r  ghost_bd_i/processing_system7_0/inst/PS7_i/FCLKCLK[0]
                         net (fo=1, routed)           1.193     1.193    ghost_bd_i/processing_system7_0/inst/FCLK_CLK_unbuffered[0]
    BUFGCTRL_X0Y16       BUFG (Prop_bufg_I_O)         0.101     1.294 r  ghost_bd_i/processing_system7_0/inst/buffer_fclk_clk_0.FCLK_CLK_0_BUFG/O
                         net (fo=1181, routed)        1.844     3.138    ghost_bd_i/proc_sys_reset_0/U0/slowest_sync_clk
    SLICE_X43Y101        FDRE                                         r  ghost_bd_i/proc_sys_reset_0/U0/ACTIVE_LOW_PR_OUT_DFF[0].FDRE_PER_N/C
  -------------------------------------------------------------------    -------------------
    SLICE_X43Y101        FDRE (Prop_fdre_C_Q)         0.456     3.594 r  ghost_bd_i/proc_sys_reset_0/U0/ACTIVE_LOW_PR_OUT_DFF[0].FDRE_PER_N/Q
                         net (fo=16, routed)          1.399     4.993    ghost_bd_i/ghost_multi_0/inst/ghost1/S_AXI_ARESETN
    SLICE_X42Y87         LUT1 (Prop_lut1_I0_O)        0.157     5.150 f  ghost_bd_i/ghost_multi_0/inst/ghost1/S_AXI_AWREADY_i_2/O
                         net (fo=104, routed)         2.982     8.132    ghost_bd_i/ghost_multi_0/inst/ghost2/AR[0]
    SLICE_X45Y78         FDCE                                         f  ghost_bd_i/ghost_multi_0/inst/ghost2/direction_reg[0]/CLR
  -------------------------------------------------------------------    -------------------

                         (clock clk_fpga_0 rise edge)
                                                     20.000    20.000 r  
    PS7_X0Y0             PS7                          0.000    20.000 r  ghost_bd_i/processing_system7_0/inst/PS7_i/FCLKCLK[0]
                         net (fo=1, routed)           1.088    21.088    ghost_bd_i/processing_system7_0/inst/FCLK_CLK_unbuffered[0]
    BUFGCTRL_X0Y16       BUFG (Prop_bufg_I_O)         0.091    21.179 r  ghost_bd_i/processing_system7_0/inst/buffer_fclk_clk_0.FCLK_CLK_0_BUFG/O
                         net (fo=1181, routed)        1.466    22.645    ghost_bd_i/ghost_multi_0/inst/ghost2/S_AXI_ACLK
    SLICE_X45Y78         FDCE                                         r  ghost_bd_i/ghost_multi_0/inst/ghost2/direction_reg[0]/C
                         clock pessimism              0.129    22.774    
                         clock uncertainty           -0.302    22.472    
    SLICE_X45Y78         FDCE (Recov_fdce_C_CLR)     -0.636    21.836    ghost_bd_i/ghost_multi_0/inst/ghost2/direction_reg[0]
  -------------------------------------------------------------------
                         required time                         21.836    
                         arrival time                          -8.132    
  -------------------------------------------------------------------
                         slack                                 13.704    

Slack (MET) :             13.704ns  (required time - arrival time)
  Source:                 ghost_bd_i/proc_sys_reset_0/U0/ACTIVE_LOW_PR_OUT_DFF[0].FDRE_PER_N/C
                            (rising edge-triggered cell FDRE clocked by clk_fpga_0  {rise@0.000ns fall@10.000ns period=20.000ns})
  Destination:            ghost_bd_i/ghost_multi_0/inst/ghost2/direction_reg[1]/CLR
                            (recovery check against rising-edge clock clk_fpga_0  {rise@0.000ns fall@10.000ns period=20.000ns})
  Path Group:             **async_default**
  Path Type:              Recovery (Max at Slow Process Corner)
  Requirement:            20.000ns  (clk_fpga_0 rise@20.000ns - clk_fpga_0 rise@0.000ns)
  Data Path Delay:        4.994ns  (logic 0.613ns (12.275%)  route 4.381ns (87.725%))
  Logic Levels:           1  (LUT1=1)
  Clock Path Skew:        -0.364ns (DCD - SCD + CPR)
    Destination Clock Delay (DCD):    2.645ns = ( 22.645 - 20.000 ) 
    Source Clock Delay      (SCD):    3.138ns
    Clock Pessimism Removal (CPR):    0.129ns
  Clock Uncertainty:      0.302ns  ((TSJ^2 + TIJ^2)^1/2 + DJ) / 2 + PE
    Total System Jitter     (TSJ):    0.071ns
    Total Input Jitter      (TIJ):    0.600ns
    Discrete Jitter          (DJ):    0.000ns
    Phase Error              (PE):    0.000ns

    Location             Delay type                Incr(ns)  Path(ns)    Netlist Resource(s)
  -------------------------------------------------------------------    -------------------
                         (clock clk_fpga_0 rise edge)
                                                      0.000     0.000 r  
    PS7_X0Y0             PS7                          0.000     0.000 r  ghost_bd_i/processing_system7_0/inst/PS7_i/FCLKCLK[0]
                         net (fo=1, routed)           1.193     1.193    ghost_bd_i/processing_system7_0/inst/FCLK_CLK_unbuffered[0]
    BUFGCTRL_X0Y16       BUFG (Prop_bufg_I_O)         0.101     1.294 r  ghost_bd_i/processing_system7_0/inst/buffer_fclk_clk_0.FCLK_CLK_0_BUFG/O
                         net (fo=1181, routed)        1.844     3.138    ghost_bd_i/proc_sys_reset_0/U0/slowest_sync_clk
    SLICE_X43Y101        FDRE                                         r  ghost_bd_i/proc_sys_reset_0/U0/ACTIVE_LOW_PR_OUT_DFF[0].FDRE_PER_N/C
  -------------------------------------------------------------------    -------------------
    SLICE_X43Y101        FDRE (Prop_fdre_C_Q)         0.456     3.594 r  ghost_bd_i/proc_sys_reset_0/U0/ACTIVE_LOW_PR_OUT_DFF[0].FDRE_PER_N/Q
                         net (fo=16, routed)          1.399     4.993    ghost_bd_i/ghost_multi_0/inst/ghost1/S_AXI_ARESETN
    SLICE_X42Y87         LUT1 (Prop_lut1_I0_O)        0.157     5.150 f  ghost_bd_i/ghost_multi_0/inst/ghost1/S_AXI_AWREADY_i_2/O
                         net (fo=104, routed)         2.982     8.132    ghost_bd_i/ghost_multi_0/inst/ghost2/AR[0]
    SLICE_X45Y78         FDCE                                         f  ghost_bd_i/ghost_multi_0/inst/ghost2/direction_reg[1]/CLR
  -------------------------------------------------------------------    -------------------

                         (clock clk_fpga_0 rise edge)
                                                     20.000    20.000 r  
    PS7_X0Y0             PS7                          0.000    20.000 r  ghost_bd_i/processing_system7_0/inst/PS7_i/FCLKCLK[0]
                         net (fo=1, routed)           1.088    21.088    ghost_bd_i/processing_system7_0/inst/FCLK_CLK_unbuffered[0]
    BUFGCTRL_X0Y16       BUFG (Prop_bufg_I_O)         0.091    21.179 r  ghost_bd_i/processing_system7_0/inst/buffer_fclk_clk_0.FCLK_CLK_0_BUFG/O
                         net (fo=1181, routed)        1.466    22.645    ghost_bd_i/ghost_multi_0/inst/ghost2/S_AXI_ACLK
    SLICE_X45Y78         FDCE                                         r  ghost_bd_i/ghost_multi_0/inst/ghost2/direction_reg[1]/C
                         clock pessimism              0.129    22.774    
                         clock uncertainty           -0.302    22.472    
    SLICE_X45Y78         FDCE (Recov_fdce_C_CLR)     -0.636    21.836    ghost_bd_i/ghost_multi_0/inst/ghost2/direction_reg[1]
  -------------------------------------------------------------------
                         required time                         21.836    
                         arrival time                          -8.132    
  -------------------------------------------------------------------
                         slack                                 13.704    





Min Delay Paths
--------------------------------------------------------------------------------------
Slack (MET) :             0.819ns  (arrival time - required time)
  Source:                 ghost_bd_i/proc_sys_reset_0/U0/ACTIVE_LOW_PR_OUT_DFF[0].FDRE_PER_N/C
                            (rising edge-triggered cell FDRE clocked by clk_fpga_0  {rise@0.000ns fall@10.000ns period=20.000ns})
  Destination:            ghost_bd_i/ghost_multi_0/inst/S_AXI_RDATA_reg[3]/CLR
                            (removal check against rising-edge clock clk_fpga_0  {rise@0.000ns fall@10.000ns period=20.000ns})
  Path Group:             **async_default**
  Path Type:              Removal (Min at Fast Process Corner)
  Requirement:            0.000ns  (clk_fpga_0 rise@0.000ns - clk_fpga_0 rise@0.000ns)
  Data Path Delay:        0.828ns  (logic 0.187ns (22.578%)  route 0.641ns (77.422%))
  Logic Levels:           1  (LUT1=1)
  Clock Path Skew:        0.175ns (DCD - SCD - CPR)
    Destination Clock Delay (DCD):    1.185ns
    Source Clock Delay      (SCD):    0.975ns
    Clock Pessimism Removal (CPR):    0.035ns

    Location             Delay type                Incr(ns)  Path(ns)    Netlist Resource(s)
  -------------------------------------------------------------------    -------------------
                         (clock clk_fpga_0 rise edge)
                                                      0.000     0.000 r  
    PS7_X0Y0             PS7                          0.000     0.000 r  ghost_bd_i/processing_system7_0/inst/PS7_i/FCLKCLK[0]
                         net (fo=1, routed)           0.310     0.310    ghost_bd_i/processing_system7_0/inst/FCLK_CLK_unbuffered[0]
    BUFGCTRL_X0Y16       BUFG (Prop_bufg_I_O)         0.026     0.336 r  ghost_bd_i/processing_system7_0/inst/buffer_fclk_clk_0.FCLK_CLK_0_BUFG/O
                         net (fo=1181, routed)        0.639     0.975    ghost_bd_i/proc_sys_reset_0/U0/slowest_sync_clk
    SLICE_X43Y101        FDRE                                         r  ghost_bd_i/proc_sys_reset_0/U0/ACTIVE_LOW_PR_OUT_DFF[0].FDRE_PER_N/C
  -------------------------------------------------------------------    -------------------
    SLICE_X43Y101        FDRE (Prop_fdre_C_Q)         0.141     1.116 r  ghost_bd_i/proc_sys_reset_0/U0/ACTIVE_LOW_PR_OUT_DFF[0].FDRE_PER_N/Q
                         net (fo=16, routed)          0.502     1.618    ghost_bd_i/ghost_multi_0/inst/ghost1/S_AXI_ARESETN
    SLICE_X42Y87         LUT1 (Prop_lut1_I0_O)        0.046     1.664 f  ghost_bd_i/ghost_multi_0/inst/ghost1/S_AXI_AWREADY_i_2/O
                         net (fo=104, routed)         0.139     1.803    ghost_bd_i/ghost_multi_0/inst/rst
    SLICE_X43Y86         FDCE                                         f  ghost_bd_i/ghost_multi_0/inst/S_AXI_RDATA_reg[3]/CLR
  -------------------------------------------------------------------    -------------------

                         (clock clk_fpga_0 rise edge)
                                                      0.000     0.000 r  
    PS7_X0Y0             PS7                          0.000     0.000 r  ghost_bd_i/processing_system7_0/inst/PS7_i/FCLKCLK[0]
                         net (fo=1, routed)           0.337     0.337    ghost_bd_i/processing_system7_0/inst/FCLK_CLK_unbuffered[0]
    BUFGCTRL_X0Y16       BUFG (Prop_bufg_I_O)         0.029     0.366 r  ghost_bd_i/processing_system7_0/inst/buffer_fclk_clk_0.FCLK_CLK_0_BUFG/O
                         net (fo=1181, routed)        0.819     1.185    ghost_bd_i/ghost_multi_0/inst/S_AXI_ACLK
    SLICE_X43Y86         FDCE                                         r  ghost_bd_i/ghost_multi_0/inst/S_AXI_RDATA_reg[3]/C
                         clock pessimism             -0.035     1.150    
    SLICE_X43Y86         FDCE (Remov_fdce_C_CLR)     -0.166     0.984    ghost_bd_i/ghost_multi_0/inst/S_AXI_RDATA_reg[3]
  -------------------------------------------------------------------
                         required time                         -0.984    
                         arrival time                           1.803    
  -------------------------------------------------------------------
                         slack                                  0.819    

Slack (MET) :             0.904ns  (arrival time - required time)
  Source:                 ghost_bd_i/proc_sys_reset_0/U0/ACTIVE_LOW_PR_OUT_DFF[0].FDRE_PER_N/C
                            (rising edge-triggered cell FDRE clocked by clk_fpga_0  {rise@0.000ns fall@10.000ns period=20.000ns})
  Destination:            ghost_bd_i/ghost_multi_0/inst/ghost1/s1_los_detected_reg/CLR
                            (removal check against rising-edge clock clk_fpga_0  {rise@0.000ns fall@10.000ns period=20.000ns})
  Path Group:             **async_default**
  Path Type:              Removal (Min at Fast Process Corner)
  Requirement:            0.000ns  (clk_fpga_0 rise@0.000ns - clk_fpga_0 rise@0.000ns)
  Data Path Delay:        0.933ns  (logic 0.187ns (20.052%)  route 0.746ns (79.948%))
  Logic Levels:           1  (LUT1=1)
  Clock Path Skew:        0.170ns (DCD - SCD - CPR)
    Destination Clock Delay (DCD):    1.180ns
    Source Clock Delay      (SCD):    0.975ns
    Clock Pessimism Removal (CPR):    0.035ns

    Location             Delay type                Incr(ns)  Path(ns)    Netlist Resource(s)
  -------------------------------------------------------------------    -------------------
                         (clock clk_fpga_0 rise edge)
                                                      0.000     0.000 r  
    PS7_X0Y0             PS7                          0.000     0.000 r  ghost_bd_i/processing_system7_0/inst/PS7_i/FCLKCLK[0]
                         net (fo=1, routed)           0.310     0.310    ghost_bd_i/processing_system7_0/inst/FCLK_CLK_unbuffered[0]
    BUFGCTRL_X0Y16       BUFG (Prop_bufg_I_O)         0.026     0.336 r  ghost_bd_i/processing_system7_0/inst/buffer_fclk_clk_0.FCLK_CLK_0_BUFG/O
                         net (fo=1181, routed)        0.639     0.975    ghost_bd_i/proc_sys_reset_0/U0/slowest_sync_clk
    SLICE_X43Y101        FDRE                                         r  ghost_bd_i/proc_sys_reset_0/U0/ACTIVE_LOW_PR_OUT_DFF[0].FDRE_PER_N/C
  -------------------------------------------------------------------    -------------------
    SLICE_X43Y101        FDRE (Prop_fdre_C_Q)         0.141     1.116 r  ghost_bd_i/proc_sys_reset_0/U0/ACTIVE_LOW_PR_OUT_DFF[0].FDRE_PER_N/Q
                         net (fo=16, routed)          0.502     1.618    ghost_bd_i/ghost_multi_0/inst/ghost1/S_AXI_ARESETN
    SLICE_X42Y87         LUT1 (Prop_lut1_I0_O)        0.046     1.664 f  ghost_bd_i/ghost_multi_0/inst/ghost1/S_AXI_AWREADY_i_2/O
                         net (fo=104, routed)         0.243     1.908    ghost_bd_i/ghost_multi_0/inst/ghost1/AR[0]
    SLICE_X42Y80         FDCE                                         f  ghost_bd_i/ghost_multi_0/inst/ghost1/s1_los_detected_reg/CLR
  -------------------------------------------------------------------    -------------------

                         (clock clk_fpga_0 rise edge)
                                                      0.000     0.000 r  
    PS7_X0Y0             PS7                          0.000     0.000 r  ghost_bd_i/processing_system7_0/inst/PS7_i/FCLKCLK[0]
                         net (fo=1, routed)           0.337     0.337    ghost_bd_i/processing_system7_0/inst/FCLK_CLK_unbuffered[0]
    BUFGCTRL_X0Y16       BUFG (Prop_bufg_I_O)         0.029     0.366 r  ghost_bd_i/processing_system7_0/inst/buffer_fclk_clk_0.FCLK_CLK_0_BUFG/O
                         net (fo=1181, routed)        0.814     1.180    ghost_bd_i/ghost_multi_0/inst/ghost1/S_AXI_ACLK
    SLICE_X42Y80         FDCE                                         r  ghost_bd_i/ghost_multi_0/inst/ghost1/s1_los_detected_reg/C
                         clock pessimism             -0.035     1.145    
    SLICE_X42Y80         FDCE (Remov_fdce_C_CLR)     -0.141     1.004    ghost_bd_i/ghost_multi_0/inst/ghost1/s1_los_detected_reg
  -------------------------------------------------------------------
                         required time                         -1.004    
                         arrival time                           1.908    
  -------------------------------------------------------------------
                         slack                                  0.904    

Slack (MET) :             0.929ns  (arrival time - required time)
  Source:                 ghost_bd_i/proc_sys_reset_0/U0/ACTIVE_LOW_PR_OUT_DFF[0].FDRE_PER_N/C
                            (rising edge-triggered cell FDRE clocked by clk_fpga_0  {rise@0.000ns fall@10.000ns period=20.000ns})
  Destination:            ghost_bd_i/ghost_multi_0/inst/ghost1/s1_los_dir_reg[1]/CLR
                            (removal check against rising-edge clock clk_fpga_0  {rise@0.000ns fall@10.000ns period=20.000ns})
  Path Group:             **async_default**
  Path Type:              Removal (Min at Fast Process Corner)
  Requirement:            0.000ns  (clk_fpga_0 rise@0.000ns - clk_fpga_0 rise@0.000ns)
  Data Path Delay:        0.933ns  (logic 0.187ns (20.052%)  route 0.746ns (79.948%))
  Logic Levels:           1  (LUT1=1)
  Clock Path Skew:        0.170ns (DCD - SCD - CPR)
    Destination Clock Delay (DCD):    1.180ns
    Source Clock Delay      (SCD):    0.975ns
    Clock Pessimism Removal (CPR):    0.035ns

    Location             Delay type                Incr(ns)  Path(ns)    Netlist Resource(s)
  -------------------------------------------------------------------    -------------------
                         (clock clk_fpga_0 rise edge)
                                                      0.000     0.000 r  
    PS7_X0Y0             PS7                          0.000     0.000 r  ghost_bd_i/processing_system7_0/inst/PS7_i/FCLKCLK[0]
                         net (fo=1, routed)           0.310     0.310    ghost_bd_i/processing_system7_0/inst/FCLK_CLK_unbuffered[0]
    BUFGCTRL_X0Y16       BUFG (Prop_bufg_I_O)         0.026     0.336 r  ghost_bd_i/processing_system7_0/inst/buffer_fclk_clk_0.FCLK_CLK_0_BUFG/O
                         net (fo=1181, routed)        0.639     0.975    ghost_bd_i/proc_sys_reset_0/U0/slowest_sync_clk
    SLICE_X43Y101        FDRE                                         r  ghost_bd_i/proc_sys_reset_0/U0/ACTIVE_LOW_PR_OUT_DFF[0].FDRE_PER_N/C
  -------------------------------------------------------------------    -------------------
    SLICE_X43Y101        FDRE (Prop_fdre_C_Q)         0.141     1.116 r  ghost_bd_i/proc_sys_reset_0/U0/ACTIVE_LOW_PR_OUT_DFF[0].FDRE_PER_N/Q
                         net (fo=16, routed)          0.502     1.618    ghost_bd_i/ghost_multi_0/inst/ghost1/S_AXI_ARESETN
    SLICE_X42Y87         LUT1 (Prop_lut1_I0_O)        0.046     1.664 f  ghost_bd_i/ghost_multi_0/inst/ghost1/S_AXI_AWREADY_i_2/O
                         net (fo=104, routed)         0.243     1.908    ghost_bd_i/ghost_multi_0/inst/ghost1/AR[0]
    SLICE_X43Y80         FDCE                                         f  ghost_bd_i/ghost_multi_0/inst/ghost1/s1_los_dir_reg[1]/CLR
  -------------------------------------------------------------------    -------------------

                         (clock clk_fpga_0 rise edge)
                                                      0.000     0.000 r  
    PS7_X0Y0             PS7                          0.000     0.000 r  ghost_bd_i/processing_system7_0/inst/PS7_i/FCLKCLK[0]
                         net (fo=1, routed)           0.337     0.337    ghost_bd_i/processing_system7_0/inst/FCLK_CLK_unbuffered[0]
    BUFGCTRL_X0Y16       BUFG (Prop_bufg_I_O)         0.029     0.366 r  ghost_bd_i/processing_system7_0/inst/buffer_fclk_clk_0.FCLK_CLK_0_BUFG/O
                         net (fo=1181, routed)        0.814     1.180    ghost_bd_i/ghost_multi_0/inst/ghost1/S_AXI_ACLK
    SLICE_X43Y80         FDCE                                         r  ghost_bd_i/ghost_multi_0/inst/ghost1/s1_los_dir_reg[1]/C
                         clock pessimism             -0.035     1.145    
    SLICE_X43Y80         FDCE (Remov_fdce_C_CLR)     -0.166     0.979    ghost_bd_i/ghost_multi_0/inst/ghost1/s1_los_dir_reg[1]
  -------------------------------------------------------------------
                         required time                         -0.979    
                         arrival time                           1.908    
  -------------------------------------------------------------------
                         slack                                  0.929    

Slack (MET) :             0.954ns  (arrival time - required time)
  Source:                 ghost_bd_i/proc_sys_reset_0/U0/ACTIVE_LOW_PR_OUT_DFF[0].FDRE_PER_N/C
                            (rising edge-triggered cell FDRE clocked by clk_fpga_0  {rise@0.000ns fall@10.000ns period=20.000ns})
  Destination:            ghost_bd_i/ghost_multi_0/inst/ghost1/s1_ghost_row_reg[0]/CLR
                            (removal check against rising-edge clock clk_fpga_0  {rise@0.000ns fall@10.000ns period=20.000ns})
  Path Group:             **async_default**
  Path Type:              Removal (Min at Fast Process Corner)
  Requirement:            0.000ns  (clk_fpga_0 rise@0.000ns - clk_fpga_0 rise@0.000ns)
  Data Path Delay:        0.959ns  (logic 0.187ns (19.504%)  route 0.772ns (80.496%))
  Logic Levels:           1  (LUT1=1)
  Clock Path Skew:        0.171ns (DCD - SCD - CPR)
    Destination Clock Delay (DCD):    1.181ns
    Source Clock Delay      (SCD):    0.975ns
    Clock Pessimism Removal (CPR):    0.035ns

    Location             Delay type                Incr(ns)  Path(ns)    Netlist Resource(s)
  -------------------------------------------------------------------    -------------------
                         (clock clk_fpga_0 rise edge)
                                                      0.000     0.000 r  
    PS7_X0Y0             PS7                          0.000     0.000 r  ghost_bd_i/processing_system7_0/inst/PS7_i/FCLKCLK[0]
                         net (fo=1, routed)           0.310     0.310    ghost_bd_i/processing_system7_0/inst/FCLK_CLK_unbuffered[0]
    BUFGCTRL_X0Y16       BUFG (Prop_bufg_I_O)         0.026     0.336 r  ghost_bd_i/processing_system7_0/inst/buffer_fclk_clk_0.FCLK_CLK_0_BUFG/O
                         net (fo=1181, routed)        0.639     0.975    ghost_bd_i/proc_sys_reset_0/U0/slowest_sync_clk
    SLICE_X43Y101        FDRE                                         r  ghost_bd_i/proc_sys_reset_0/U0/ACTIVE_LOW_PR_OUT_DFF[0].FDRE_PER_N/C
  -------------------------------------------------------------------    -------------------
    SLICE_X43Y101        FDRE (Prop_fdre_C_Q)         0.141     1.116 r  ghost_bd_i/proc_sys_reset_0/U0/ACTIVE_LOW_PR_OUT_DFF[0].FDRE_PER_N/Q
                         net (fo=16, routed)          0.502     1.618    ghost_bd_i/ghost_multi_0/inst/ghost1/S_AXI_ARESETN
    SLICE_X42Y87         LUT1 (Prop_lut1_I0_O)        0.046     1.664 f  ghost_bd_i/ghost_multi_0/inst/ghost1/S_AXI_AWREADY_i_2/O
                         net (fo=104, routed)         0.269     1.934    ghost_bd_i/ghost_multi_0/inst/ghost1/AR[0]
    SLICE_X45Y81         FDCE                                         f  ghost_bd_i/ghost_multi_0/inst/ghost1/s1_ghost_row_reg[0]/CLR
  -------------------------------------------------------------------    -------------------

                         (clock clk_fpga_0 rise edge)
                                                      0.000     0.000 r  
    PS7_X0Y0             PS7                          0.000     0.000 r  ghost_bd_i/processing_system7_0/inst/PS7_i/FCLKCLK[0]
                         net (fo=1, routed)           0.337     0.337    ghost_bd_i/processing_system7_0/inst/FCLK_CLK_unbuffered[0]
    BUFGCTRL_X0Y16       BUFG (Prop_bufg_I_O)         0.029     0.366 r  ghost_bd_i/processing_system7_0/inst/buffer_fclk_clk_0.FCLK_CLK_0_BUFG/O
                         net (fo=1181, routed)        0.815     1.181    ghost_bd_i/ghost_multi_0/inst/ghost1/S_AXI_ACLK
    SLICE_X45Y81         FDCE                                         r  ghost_bd_i/ghost_multi_0/inst/ghost1/s1_ghost_row_reg[0]/C
                         clock pessimism             -0.035     1.146    
    SLICE_X45Y81         FDCE (Remov_fdce_C_CLR)     -0.166     0.980    ghost_bd_i/ghost_multi_0/inst/ghost1/s1_ghost_row_reg[0]
  -------------------------------------------------------------------
                         required time                         -0.980    
                         arrival time                           1.934    
  -------------------------------------------------------------------
                         slack                                  0.954    

Slack (MET) :             0.958ns  (arrival time - required time)
  Source:                 ghost_bd_i/proc_sys_reset_0/U0/ACTIVE_LOW_PR_OUT_DFF[0].FDRE_PER_N/C
                            (rising edge-triggered cell FDRE clocked by clk_fpga_0  {rise@0.000ns fall@10.000ns period=20.000ns})
  Destination:            ghost_bd_i/ghost_multi_0/inst/ghost1/s1_ghost_row_reg[2]/CLR
                            (removal check against rising-edge clock clk_fpga_0  {rise@0.000ns fall@10.000ns period=20.000ns})
  Path Group:             **async_default**
  Path Type:              Removal (Min at Fast Process Corner)
  Requirement:            0.000ns  (clk_fpga_0 rise@0.000ns - clk_fpga_0 rise@0.000ns)
  Data Path Delay:        0.963ns  (logic 0.187ns (19.416%)  route 0.776ns (80.584%))
  Logic Levels:           1  (LUT1=1)
  Clock Path Skew:        0.171ns (DCD - SCD - CPR)
    Destination Clock Delay (DCD):    1.181ns
    Source Clock Delay      (SCD):    0.975ns
    Clock Pessimism Removal (CPR):    0.035ns

    Location             Delay type                Incr(ns)  Path(ns)    Netlist Resource(s)
  -------------------------------------------------------------------    -------------------
                         (clock clk_fpga_0 rise edge)
                                                      0.000     0.000 r  
    PS7_X0Y0             PS7                          0.000     0.000 r  ghost_bd_i/processing_system7_0/inst/PS7_i/FCLKCLK[0]
                         net (fo=1, routed)           0.310     0.310    ghost_bd_i/processing_system7_0/inst/FCLK_CLK_unbuffered[0]
    BUFGCTRL_X0Y16       BUFG (Prop_bufg_I_O)         0.026     0.336 r  ghost_bd_i/processing_system7_0/inst/buffer_fclk_clk_0.FCLK_CLK_0_BUFG/O
                         net (fo=1181, routed)        0.639     0.975    ghost_bd_i/proc_sys_reset_0/U0/slowest_sync_clk
    SLICE_X43Y101        FDRE                                         r  ghost_bd_i/proc_sys_reset_0/U0/ACTIVE_LOW_PR_OUT_DFF[0].FDRE_PER_N/C
  -------------------------------------------------------------------    -------------------
    SLICE_X43Y101        FDRE (Prop_fdre_C_Q)         0.141     1.116 r  ghost_bd_i/proc_sys_reset_0/U0/ACTIVE_LOW_PR_OUT_DFF[0].FDRE_PER_N/Q
                         net (fo=16, routed)          0.502     1.618    ghost_bd_i/ghost_multi_0/inst/ghost1/S_AXI_ARESETN
    SLICE_X42Y87         LUT1 (Prop_lut1_I0_O)        0.046     1.664 f  ghost_bd_i/ghost_multi_0/inst/ghost1/S_AXI_AWREADY_i_2/O
                         net (fo=104, routed)         0.274     1.938    ghost_bd_i/ghost_multi_0/inst/ghost1/AR[0]
    SLICE_X44Y81         FDCE                                         f  ghost_bd_i/ghost_multi_0/inst/ghost1/s1_ghost_row_reg[2]/CLR
  -------------------------------------------------------------------    -------------------

                         (clock clk_fpga_0 rise edge)
                                                      0.000     0.000 r  
    PS7_X0Y0             PS7                          0.000     0.000 r  ghost_bd_i/processing_system7_0/inst/PS7_i/FCLKCLK[0]
                         net (fo=1, routed)           0.337     0.337    ghost_bd_i/processing_system7_0/inst/FCLK_CLK_unbuffered[0]
    BUFGCTRL_X0Y16       BUFG (Prop_bufg_I_O)         0.029     0.366 r  ghost_bd_i/processing_system7_0/inst/buffer_fclk_clk_0.FCLK_CLK_0_BUFG/O
                         net (fo=1181, routed)        0.815     1.181    ghost_bd_i/ghost_multi_0/inst/ghost1/S_AXI_ACLK
    SLICE_X44Y81         FDCE                                         r  ghost_bd_i/ghost_multi_0/inst/ghost1/s1_ghost_row_reg[2]/C
                         clock pessimism             -0.035     1.146    
    SLICE_X44Y81         FDCE (Remov_fdce_C_CLR)     -0.166     0.980    ghost_bd_i/ghost_multi_0/inst/ghost1/s1_ghost_row_reg[2]
  -------------------------------------------------------------------
                         required time                         -0.980    
                         arrival time                           1.938    
  -------------------------------------------------------------------
                         slack                                  0.958    

Slack (MET) :             0.958ns  (arrival time - required time)
  Source:                 ghost_bd_i/proc_sys_reset_0/U0/ACTIVE_LOW_PR_OUT_DFF[0].FDRE_PER_N/C
                            (rising edge-triggered cell FDRE clocked by clk_fpga_0  {rise@0.000ns fall@10.000ns period=20.000ns})
  Destination:            ghost_bd_i/ghost_multi_0/inst/ghost1/s1_ghost_row_reg[3]/CLR
                            (removal check against rising-edge clock clk_fpga_0  {rise@0.000ns fall@10.000ns period=20.000ns})
  Path Group:             **async_default**
  Path Type:              Removal (Min at Fast Process Corner)
  Requirement:            0.000ns  (clk_fpga_0 rise@0.000ns - clk_fpga_0 rise@0.000ns)
  Data Path Delay:        0.963ns  (logic 0.187ns (19.416%)  route 0.776ns (80.584%))
  Logic Levels:           1  (LUT1=1)
  Clock Path Skew:        0.171ns (DCD - SCD - CPR)
    Destination Clock Delay (DCD):    1.181ns
    Source Clock Delay      (SCD):    0.975ns
    Clock Pessimism Removal (CPR):    0.035ns

    Location             Delay type                Incr(ns)  Path(ns)    Netlist Resource(s)
  -------------------------------------------------------------------    -------------------
                         (clock clk_fpga_0 rise edge)
                                                      0.000     0.000 r  
    PS7_X0Y0             PS7                          0.000     0.000 r  ghost_bd_i/processing_system7_0/inst/PS7_i/FCLKCLK[0]
                         net (fo=1, routed)           0.310     0.310    ghost_bd_i/processing_system7_0/inst/FCLK_CLK_unbuffered[0]
    BUFGCTRL_X0Y16       BUFG (Prop_bufg_I_O)         0.026     0.336 r  ghost_bd_i/processing_system7_0/inst/buffer_fclk_clk_0.FCLK_CLK_0_BUFG/O
                         net (fo=1181, routed)        0.639     0.975    ghost_bd_i/proc_sys_reset_0/U0/slowest_sync_clk
    SLICE_X43Y101        FDRE                                         r  ghost_bd_i/proc_sys_reset_0/U0/ACTIVE_LOW_PR_OUT_DFF[0].FDRE_PER_N/C
  -------------------------------------------------------------------    -------------------
    SLICE_X43Y101        FDRE (Prop_fdre_C_Q)         0.141     1.116 r  ghost_bd_i/proc_sys_reset_0/U0/ACTIVE_LOW_PR_OUT_DFF[0].FDRE_PER_N/Q
                         net (fo=16, routed)          0.502     1.618    ghost_bd_i/ghost_multi_0/inst/ghost1/S_AXI_ARESETN
    SLICE_X42Y87         LUT1 (Prop_lut1_I0_O)        0.046     1.664 f  ghost_bd_i/ghost_multi_0/inst/ghost1/S_AXI_AWREADY_i_2/O
                         net (fo=104, routed)         0.274     1.938    ghost_bd_i/ghost_multi_0/inst/ghost1/AR[0]
    SLICE_X44Y81         FDCE                                         f  ghost_bd_i/ghost_multi_0/inst/ghost1/s1_ghost_row_reg[3]/CLR
  -------------------------------------------------------------------    -------------------

                         (clock clk_fpga_0 rise edge)
                                                      0.000     0.000 r  
    PS7_X0Y0             PS7                          0.000     0.000 r  ghost_bd_i/processing_system7_0/inst/PS7_i/FCLKCLK[0]
                         net (fo=1, routed)           0.337     0.337    ghost_bd_i/processing_system7_0/inst/FCLK_CLK_unbuffered[0]
    BUFGCTRL_X0Y16       BUFG (Prop_bufg_I_O)         0.029     0.366 r  ghost_bd_i/processing_system7_0/inst/buffer_fclk_clk_0.FCLK_CLK_0_BUFG/O
                         net (fo=1181, routed)        0.815     1.181    ghost_bd_i/ghost_multi_0/inst/ghost1/S_AXI_ACLK
    SLICE_X44Y81         FDCE                                         r  ghost_bd_i/ghost_multi_0/inst/ghost1/s1_ghost_row_reg[3]/C
                         clock pessimism             -0.035     1.146    
    SLICE_X44Y81         FDCE (Remov_fdce_C_CLR)     -0.166     0.980    ghost_bd_i/ghost_multi_0/inst/ghost1/s1_ghost_row_reg[3]
  -------------------------------------------------------------------
                         required time                         -0.980    
                         arrival time                           1.938    
  -------------------------------------------------------------------
                         slack                                  0.958    

Slack (MET) :             1.050ns  (arrival time - required time)
  Source:                 ghost_bd_i/proc_sys_reset_0/U0/ACTIVE_LOW_PR_OUT_DFF[0].FDRE_PER_N/C
                            (rising edge-triggered cell FDRE clocked by clk_fpga_0  {rise@0.000ns fall@10.000ns period=20.000ns})
  Destination:            ghost_bd_i/ghost_multi_0/inst/ghost1/s1_ghost_col_reg[3]/CLR
                            (removal check against rising-edge clock clk_fpga_0  {rise@0.000ns fall@10.000ns period=20.000ns})
  Path Group:             **async_default**
  Path Type:              Removal (Min at Fast Process Corner)
  Requirement:            0.000ns  (clk_fpga_0 rise@0.000ns - clk_fpga_0 rise@0.000ns)
  Data Path Delay:        1.080ns  (logic 0.187ns (17.313%)  route 0.893ns (82.687%))
  Logic Levels:           1  (LUT1=1)
  Clock Path Skew:        0.171ns (DCD - SCD - CPR)
    Destination Clock Delay (DCD):    1.181ns
    Source Clock Delay      (SCD):    0.975ns
    Clock Pessimism Removal (CPR):    0.035ns

    Location             Delay type                Incr(ns)  Path(ns)    Netlist Resource(s)
  -------------------------------------------------------------------    -------------------
                         (clock clk_fpga_0 rise edge)
                                                      0.000     0.000 r  
    PS7_X0Y0             PS7                          0.000     0.000 r  ghost_bd_i/processing_system7_0/inst/PS7_i/FCLKCLK[0]
                         net (fo=1, routed)           0.310     0.310    ghost_bd_i/processing_system7_0/inst/FCLK_CLK_unbuffered[0]
    BUFGCTRL_X0Y16       BUFG (Prop_bufg_I_O)         0.026     0.336 r  ghost_bd_i/processing_system7_0/inst/buffer_fclk_clk_0.FCLK_CLK_0_BUFG/O
                         net (fo=1181, routed)        0.639     0.975    ghost_bd_i/proc_sys_reset_0/U0/slowest_sync_clk
    SLICE_X43Y101        FDRE                                         r  ghost_bd_i/proc_sys_reset_0/U0/ACTIVE_LOW_PR_OUT_DFF[0].FDRE_PER_N/C
  -------------------------------------------------------------------    -------------------
    SLICE_X43Y101        FDRE (Prop_fdre_C_Q)         0.141     1.116 r  ghost_bd_i/proc_sys_reset_0/U0/ACTIVE_LOW_PR_OUT_DFF[0].FDRE_PER_N/Q
                         net (fo=16, routed)          0.502     1.618    ghost_bd_i/ghost_multi_0/inst/ghost1/S_AXI_ARESETN
    SLICE_X42Y87         LUT1 (Prop_lut1_I0_O)        0.046     1.664 f  ghost_bd_i/ghost_multi_0/inst/ghost1/S_AXI_AWREADY_i_2/O
                         net (fo=104, routed)         0.391     2.055    ghost_bd_i/ghost_multi_0/inst/ghost1/AR[0]
    SLICE_X46Y81         FDCE                                         f  ghost_bd_i/ghost_multi_0/inst/ghost1/s1_ghost_col_reg[3]/CLR
  -------------------------------------------------------------------    -------------------

                         (clock clk_fpga_0 rise edge)
                                                      0.000     0.000 r  
    PS7_X0Y0             PS7                          0.000     0.000 r  ghost_bd_i/processing_system7_0/inst/PS7_i/FCLKCLK[0]
                         net (fo=1, routed)           0.337     0.337    ghost_bd_i/processing_system7_0/inst/FCLK_CLK_unbuffered[0]
    BUFGCTRL_X0Y16       BUFG (Prop_bufg_I_O)         0.029     0.366 r  ghost_bd_i/processing_system7_0/inst/buffer_fclk_clk_0.FCLK_CLK_0_BUFG/O
                         net (fo=1181, routed)        0.815     1.181    ghost_bd_i/ghost_multi_0/inst/ghost1/S_AXI_ACLK
    SLICE_X46Y81         FDCE                                         r  ghost_bd_i/ghost_multi_0/inst/ghost1/s1_ghost_col_reg[3]/C
                         clock pessimism             -0.035     1.146    
    SLICE_X46Y81         FDCE (Remov_fdce_C_CLR)     -0.141     1.005    ghost_bd_i/ghost_multi_0/inst/ghost1/s1_ghost_col_reg[3]
  -------------------------------------------------------------------
                         required time                         -1.005    
                         arrival time                           2.055    
  -------------------------------------------------------------------
                         slack                                  1.050    

Slack (MET) :             1.050ns  (arrival time - required time)
  Source:                 ghost_bd_i/proc_sys_reset_0/U0/ACTIVE_LOW_PR_OUT_DFF[0].FDRE_PER_N/C
                            (rising edge-triggered cell FDRE clocked by clk_fpga_0  {rise@0.000ns fall@10.000ns period=20.000ns})
  Destination:            ghost_bd_i/ghost_multi_0/inst/ghost1/s1_ghost_row_reg[1]/CLR
                            (removal check against rising-edge clock clk_fpga_0  {rise@0.000ns fall@10.000ns period=20.000ns})
  Path Group:             **async_default**
  Path Type:              Removal (Min at Fast Process Corner)
  Requirement:            0.000ns  (clk_fpga_0 rise@0.000ns - clk_fpga_0 rise@0.000ns)
  Data Path Delay:        1.080ns  (logic 0.187ns (17.313%)  route 0.893ns (82.687%))
  Logic Levels:           1  (LUT1=1)
  Clock Path Skew:        0.171ns (DCD - SCD - CPR)
    Destination Clock Delay (DCD):    1.181ns
    Source Clock Delay      (SCD):    0.975ns
    Clock Pessimism Removal (CPR):    0.035ns

    Location             Delay type                Incr(ns)  Path(ns)    Netlist Resource(s)
  -------------------------------------------------------------------    -------------------
                         (clock clk_fpga_0 rise edge)
                                                      0.000     0.000 r  
    PS7_X0Y0             PS7                          0.000     0.000 r  ghost_bd_i/processing_system7_0/inst/PS7_i/FCLKCLK[0]
                         net (fo=1, routed)           0.310     0.310    ghost_bd_i/processing_system7_0/inst/FCLK_CLK_unbuffered[0]
    BUFGCTRL_X0Y16       BUFG (Prop_bufg_I_O)         0.026     0.336 r  ghost_bd_i/processing_system7_0/inst/buffer_fclk_clk_0.FCLK_CLK_0_BUFG/O
                         net (fo=1181, routed)        0.639     0.975    ghost_bd_i/proc_sys_reset_0/U0/slowest_sync_clk
    SLICE_X43Y101        FDRE                                         r  ghost_bd_i/proc_sys_reset_0/U0/ACTIVE_LOW_PR_OUT_DFF[0].FDRE_PER_N/C
  -------------------------------------------------------------------    -------------------
    SLICE_X43Y101        FDRE (Prop_fdre_C_Q)         0.141     1.116 r  ghost_bd_i/proc_sys_reset_0/U0/ACTIVE_LOW_PR_OUT_DFF[0].FDRE_PER_N/Q
                         net (fo=16, routed)          0.502     1.618    ghost_bd_i/ghost_multi_0/inst/ghost1/S_AXI_ARESETN
    SLICE_X42Y87         LUT1 (Prop_lut1_I0_O)        0.046     1.664 f  ghost_bd_i/ghost_multi_0/inst/ghost1/S_AXI_AWREADY_i_2/O
                         net (fo=104, routed)         0.391     2.055    ghost_bd_i/ghost_multi_0/inst/ghost1/AR[0]
    SLICE_X46Y81         FDCE                                         f  ghost_bd_i/ghost_multi_0/inst/ghost1/s1_ghost_row_reg[1]/CLR
  -------------------------------------------------------------------    -------------------

                         (clock clk_fpga_0 rise edge)
                                                      0.000     0.000 r  
    PS7_X0Y0             PS7                          0.000     0.000 r  ghost_bd_i/processing_system7_0/inst/PS7_i/FCLKCLK[0]
                         net (fo=1, routed)           0.337     0.337    ghost_bd_i/processing_system7_0/inst/FCLK_CLK_unbuffered[0]
    BUFGCTRL_X0Y16       BUFG (Prop_bufg_I_O)         0.029     0.366 r  ghost_bd_i/processing_system7_0/inst/buffer_fclk_clk_0.FCLK_CLK_0_BUFG/O
                         net (fo=1181, routed)        0.815     1.181    ghost_bd_i/ghost_multi_0/inst/ghost1/S_AXI_ACLK
    SLICE_X46Y81         FDCE                                         r  ghost_bd_i/ghost_multi_0/inst/ghost1/s1_ghost_row_reg[1]/C
                         clock pessimism             -0.035     1.146    
    SLICE_X46Y81         FDCE (Remov_fdce_C_CLR)     -0.141     1.005    ghost_bd_i/ghost_multi_0/inst/ghost1/s1_ghost_row_reg[1]
  -------------------------------------------------------------------
                         required time                         -1.005    
                         arrival time                           2.055    
  -------------------------------------------------------------------
                         slack                                  1.050    

Slack (MET) :             1.094ns  (arrival time - required time)
  Source:                 ghost_bd_i/proc_sys_reset_0/U0/ACTIVE_LOW_PR_OUT_DFF[0].FDRE_PER_N/C
                            (rising edge-triggered cell FDRE clocked by clk_fpga_0  {rise@0.000ns fall@10.000ns period=20.000ns})
  Destination:            ghost_bd_i/ghost_multi_0/inst/S_AXI_RDATA_reg[1]/CLR
                            (removal check against rising-edge clock clk_fpga_0  {rise@0.000ns fall@10.000ns period=20.000ns})
  Path Group:             **async_default**
  Path Type:              Removal (Min at Fast Process Corner)
  Requirement:            0.000ns  (clk_fpga_0 rise@0.000ns - clk_fpga_0 rise@0.000ns)
  Data Path Delay:        1.098ns  (logic 0.187ns (17.034%)  route 0.911ns (82.967%))
  Logic Levels:           1  (LUT1=1)
  Clock Path Skew:        0.170ns (DCD - SCD - CPR)
    Destination Clock Delay (DCD):    1.180ns
    Source Clock Delay      (SCD):    0.975ns
    Clock Pessimism Removal (CPR):    0.035ns

    Location             Delay type                Incr(ns)  Path(ns)    Netlist Resource(s)
  -------------------------------------------------------------------    -------------------
                         (clock clk_fpga_0 rise edge)
                                                      0.000     0.000 r  
    PS7_X0Y0             PS7                          0.000     0.000 r  ghost_bd_i/processing_system7_0/inst/PS7_i/FCLKCLK[0]
                         net (fo=1, routed)           0.310     0.310    ghost_bd_i/processing_system7_0/inst/FCLK_CLK_unbuffered[0]
    BUFGCTRL_X0Y16       BUFG (Prop_bufg_I_O)         0.026     0.336 r  ghost_bd_i/processing_system7_0/inst/buffer_fclk_clk_0.FCLK_CLK_0_BUFG/O
                         net (fo=1181, routed)        0.639     0.975    ghost_bd_i/proc_sys_reset_0/U0/slowest_sync_clk
    SLICE_X43Y101        FDRE                                         r  ghost_bd_i/proc_sys_reset_0/U0/ACTIVE_LOW_PR_OUT_DFF[0].FDRE_PER_N/C
  -------------------------------------------------------------------    -------------------
    SLICE_X43Y101        FDRE (Prop_fdre_C_Q)         0.141     1.116 r  ghost_bd_i/proc_sys_reset_0/U0/ACTIVE_LOW_PR_OUT_DFF[0].FDRE_PER_N/Q
                         net (fo=16, routed)          0.502     1.618    ghost_bd_i/ghost_multi_0/inst/ghost1/S_AXI_ARESETN
    SLICE_X42Y87         LUT1 (Prop_lut1_I0_O)        0.046     1.664 f  ghost_bd_i/ghost_multi_0/inst/ghost1/S_AXI_AWREADY_i_2/O
                         net (fo=104, routed)         0.409     2.073    ghost_bd_i/ghost_multi_0/inst/rst
    SLICE_X45Y80         FDCE                                         f  ghost_bd_i/ghost_multi_0/inst/S_AXI_RDATA_reg[1]/CLR
  -------------------------------------------------------------------    -------------------

                         (clock clk_fpga_0 rise edge)
                                                      0.000     0.000 r  
    PS7_X0Y0             PS7                          0.000     0.000 r  ghost_bd_i/processing_system7_0/inst/PS7_i/FCLKCLK[0]
                         net (fo=1, routed)           0.337     0.337    ghost_bd_i/processing_system7_0/inst/FCLK_CLK_unbuffered[0]
    BUFGCTRL_X0Y16       BUFG (Prop_bufg_I_O)         0.029     0.366 r  ghost_bd_i/processing_system7_0/inst/buffer_fclk_clk_0.FCLK_CLK_0_BUFG/O
                         net (fo=1181, routed)        0.814     1.180    ghost_bd_i/ghost_multi_0/inst/S_AXI_ACLK
    SLICE_X45Y80         FDCE                                         r  ghost_bd_i/ghost_multi_0/inst/S_AXI_RDATA_reg[1]/C
                         clock pessimism             -0.035     1.145    
    SLICE_X45Y80         FDCE (Remov_fdce_C_CLR)     -0.166     0.979    ghost_bd_i/ghost_multi_0/inst/S_AXI_RDATA_reg[1]
  -------------------------------------------------------------------
                         required time                         -0.979    
                         arrival time                           2.073    
  -------------------------------------------------------------------
                         slack                                  1.094    

Slack (MET) :             1.098ns  (arrival time - required time)
  Source:                 ghost_bd_i/proc_sys_reset_0/U0/ACTIVE_LOW_PR_OUT_DFF[0].FDRE_PER_N/C
                            (rising edge-triggered cell FDRE clocked by clk_fpga_0  {rise@0.000ns fall@10.000ns period=20.000ns})
  Destination:            ghost_bd_i/ghost_multi_0/inst/ghost1/s1_los_dir_reg[0]/CLR
                            (removal check against rising-edge clock clk_fpga_0  {rise@0.000ns fall@10.000ns period=20.000ns})
  Path Group:             **async_default**
  Path Type:              Removal (Min at Fast Process Corner)
  Requirement:            0.000ns  (clk_fpga_0 rise@0.000ns - clk_fpga_0 rise@0.000ns)
  Data Path Delay:        1.102ns  (logic 0.187ns (16.966%)  route 0.915ns (83.034%))
  Logic Levels:           1  (LUT1=1)
  Clock Path Skew:        0.170ns (DCD - SCD - CPR)
    Destination Clock Delay (DCD):    1.180ns
    Source Clock Delay      (SCD):    0.975ns
    Clock Pessimism Removal (CPR):    0.035ns

    Location             Delay type                Incr(ns)  Path(ns)    Netlist Resource(s)
  -------------------------------------------------------------------    -------------------
                         (clock clk_fpga_0 rise edge)
                                                      0.000     0.000 r  
    PS7_X0Y0             PS7                          0.000     0.000 r  ghost_bd_i/processing_system7_0/inst/PS7_i/FCLKCLK[0]
                         net (fo=1, routed)           0.310     0.310    ghost_bd_i/processing_system7_0/inst/FCLK_CLK_unbuffered[0]
    BUFGCTRL_X0Y16       BUFG (Prop_bufg_I_O)         0.026     0.336 r  ghost_bd_i/processing_system7_0/inst/buffer_fclk_clk_0.FCLK_CLK_0_BUFG/O
                         net (fo=1181, routed)        0.639     0.975    ghost_bd_i/proc_sys_reset_0/U0/slowest_sync_clk
    SLICE_X43Y101        FDRE                                         r  ghost_bd_i/proc_sys_reset_0/U0/ACTIVE_LOW_PR_OUT_DFF[0].FDRE_PER_N/C
  -------------------------------------------------------------------    -------------------
    SLICE_X43Y101        FDRE (Prop_fdre_C_Q)         0.141     1.116 r  ghost_bd_i/proc_sys_reset_0/U0/ACTIVE_LOW_PR_OUT_DFF[0].FDRE_PER_N/Q
                         net (fo=16, routed)          0.502     1.618    ghost_bd_i/ghost_multi_0/inst/ghost1/S_AXI_ARESETN
    SLICE_X42Y87         LUT1 (Prop_lut1_I0_O)        0.046     1.664 f  ghost_bd_i/ghost_multi_0/inst/ghost1/S_AXI_AWREADY_i_2/O
                         net (fo=104, routed)         0.413     2.077    ghost_bd_i/ghost_multi_0/inst/ghost1/AR[0]
    SLICE_X44Y80         FDCE                                         f  ghost_bd_i/ghost_multi_0/inst/ghost1/s1_los_dir_reg[0]/CLR
  -------------------------------------------------------------------    -------------------

                         (clock clk_fpga_0 rise edge)
                                                      0.000     0.000 r  
    PS7_X0Y0             PS7                          0.000     0.000 r  ghost_bd_i/processing_system7_0/inst/PS7_i/FCLKCLK[0]
                         net (fo=1, routed)           0.337     0.337    ghost_bd_i/processing_system7_0/inst/FCLK_CLK_unbuffered[0]
    BUFGCTRL_X0Y16       BUFG (Prop_bufg_I_O)         0.029     0.366 r  ghost_bd_i/processing_system7_0/inst/buffer_fclk_clk_0.FCLK_CLK_0_BUFG/O
                         net (fo=1181, routed)        0.814     1.180    ghost_bd_i/ghost_multi_0/inst/ghost1/S_AXI_ACLK
    SLICE_X44Y80         FDCE                                         r  ghost_bd_i/ghost_multi_0/inst/ghost1/s1_los_dir_reg[0]/C
                         clock pessimism             -0.035     1.145    
    SLICE_X44Y80         FDCE (Remov_fdce_C_CLR)     -0.166     0.979    ghost_bd_i/ghost_multi_0/inst/ghost1/s1_los_dir_reg[0]
  -------------------------------------------------------------------
                         required time                         -0.979    
                         arrival time                           2.077    
  -------------------------------------------------------------------
                         slack                                  1.098    





